"Industry Title","Industry Code","Industry Type","2021 Employment","2021 Percent of Occupation","2021 Percent of Industry","Projected 2031 Employment","Projected 2031 Percent of Occupation","Projected 2031 Percent of Industry","Employment Change, 2021-2031","Employment Percent Change, 2021-2031","Industry Sort","Display Level"
"Total employment","=""TE1000""","Summary","158,134.7","100.0","100.0","166,452.1","100.0","100.0","8,317.4","5.3","","0"
"Self-employed workers","=""TE1100""","Line Item","9,937.8","6.3","100.0","10,043.8","6.0","100.0","106.0","1.1","2","1"
"Total wage and salary employment","=""TE1200""","Summary","148,196.9","93.7","100.0","156,408.3","94.0","100.0","8,211.4","5.5","3","1"
"Agriculture, forestry, fishing and hunting","=""110000""","Summary","1,460.2","0.9","100.0","1,520.1","0.9","100.0","59.9","4.1","4","2"
"Crop production","=""111000""","Line Item","850.7","0.5","100.0","915.0","0.5","100.0","64.3","7.6","5","3"
"Animal production and aquaculture","=""112000""","Line Item","410.3","0.3","100.0","385.0","0.2","100.0","-25.3","-6.2","6","3"
"Forestry and logging","=""113000""","Summary","57.0","0.0","100.0","50.1","0.0","100.0","-6.9","-12.2","7","3"
"Forestry","=""1131-2""","Line Item","10.9","0.0","100.0","10.0","0.0","100.0","-0.9","-8.5","8","4"
"Logging","=""113300""","Line Item","46.1","0.0","100.0","40.1","0.0","100.0","-6.0","-13.0","9","4"
"Fishing, hunting and trapping","=""114000""","Line Item","28.4","0.0","100.0","30.0","0.0","100.0","1.6","5.7","10","3"
"Support activities for agriculture and forestry","=""115000""","Line Item","113.8","0.1","100.0","140.0","0.1","100.0","26.2","23.1","11","3"
"Mining, quarrying, and oil and gas extraction","=""210000""","Summary","519.6","0.3","100.0","583.4","0.4","100.0","63.8","12.3","12","2"
"Oil and gas extraction","=""211000""","Line Item","117.7","0.1","100.0","115.3","0.1","100.0","-2.4","-2.1","13","3"
"Mining (except oil and gas)","=""212000""","Summary","174.8","0.1","100.0","171.4","0.1","100.0","-3.4","-1.9","14","3"
"Coal mining","=""212100""","Line Item","36.6","0.0","100.0","27.1","0.0","100.0","-9.5","-26.1","15","4"
"Metal ore mining","=""212200""","Line Item","41.4","0.0","100.0","45.1","0.0","100.0","3.7","9.0","16","4"
"Nonmetallic mineral mining and quarrying","=""212300""","Line Item","96.8","0.1","100.0","99.2","0.1","100.0","2.4","2.5","17","4"
"Support activities for mining","=""213000""","Line Item","227.1","0.1","100.0","296.7","0.2","100.0","69.6","30.6","18","3"
"Utilities","=""220000""","Summary","540.8","0.3","100.0","506.2","0.3","100.0","-34.6","-6.4","19","2"
"Utilities","=""221000""","Summary","540.8","0.3","100.0","506.2","0.3","100.0","-34.6","-6.4","20","3"
"Electric power generation, transmission and distribution","=""221100""","Summary","377.7","0.2","100.0","345.8","0.2","100.0","-31.9","-8.4","21","4"
"Electric power generation","=""221110""","Summary","139.1","0.1","100.0","104.8","0.1","100.0","-34.3","-24.7","22","5"
"Hydroelectric power generation","=""221111""","Line Item","6.7","0.0","100.0","5.7","0.0","100.0","-1.0","-14.5","23","6"
"Fossil fuel electric power generation","=""221112""","Line Item","77.5","0.0","100.0","51.2","0.0","100.0","-26.3","-34.0","24","6"
"Nuclear electric power generation","=""221113""","Line Item","36.6","0.0","100.0","23.7","0.0","100.0","-12.9","-35.2","25","6"
"Solar electric power generation","=""221114""","Line Item","5.4","0.0","100.0","7.6","0.0","100.0","2.3","42.0","26","6"
"Wind electric power generation","=""221115""","Line Item","7.1","0.0","100.0","10.4","0.0","100.0","3.3","46.4","27","6"
"Geothermal electric power generation","=""221116""","Line Item","1.1","0.0","100.0","1.3","0.0","100.0","0.2","22.5","28","6"
"Biomass electric power generation","=""221117""","Line Item","2.1","0.0","100.0","2.0","0.0","100.0","-0.1","-4.1","29","6"
"Other electric power generation","=""221118""","Line Item","2.7","0.0","100.0","2.9","0.0","100.0","0.2","6.0","30","6"
"Natural gas distribution","=""221200""","Line Item","109.1","0.1","100.0","105.2","0.1","100.0","-3.9","-3.5","32","4"
"Water, sewage and other systems","=""221300""","Line Item","54.0","0.0","100.0","55.1","0.0","100.0","1.1","2.1","33","4"
"Construction","=""230000""","Summary","7,413.1","4.7","100.0","7,618.0","4.6","100.0","204.9","2.8","34","2"
"Construction of buildings","=""236000""","Summary","1,647.7","1.0","100.0","1,689.7","1.0","100.0","42.0","2.5","35","3"
"Residential building construction","=""236100""","Line Item","860.4","0.5","100.0","885.2","0.5","100.0","24.8","2.9","36","4"
"Nonresidential building construction","=""236200""","Line Item","787.3","0.5","100.0","804.5","0.5","100.0","17.2","2.2","37","4"
"Heavy and civil engineering construction","=""237000""","Summary","1,040.4","0.7","100.0","1,112.2","0.7","100.0","71.8","6.9","38","3"
"Utility system construction","=""237100""","Summary","543.2","0.3","100.0","585.8","0.4","100.0","42.6","7.8","39","4"
"Power and communication line and related structures construction","=""237130""","Line Item","222.3","0.1","100.0","242.3","0.1","100.0","20.0","9.0","40","5"
"Land subdivision","=""237200""","Line Item","36.2","0.0","100.0","36.6","0.0","100.0","0.4","1.0","42","4"
"Highway, street, and bridge construction","=""237300""","Line Item","340.8","0.2","100.0","361.9","0.2","100.0","21.1","6.2","43","4"
"Other heavy and civil engineering construction","=""237900""","Line Item","120.2","0.1","100.0","128.0","0.1","100.0","7.8","6.5","44","4"
"Specialty trade contractors","=""238000""","Summary","4,725.0","3.0","100.0","4,816.1","2.9","100.0","91.1","1.9","45","3"
"Foundation, structure, and building exterior contractors","=""238100""","Summary","922.9","0.6","100.0","943.9","0.6","100.0","21.0","2.3","46","4"
"Poured concrete foundation and structure contractors","=""238110""","Line Item","234.3","0.1","100.0","236.9","0.1","100.0","2.6","1.1","47","5"
"Masonry contractors","=""238140""","Line Item","141.7","0.1","100.0","147.0","0.1","100.0","5.3","3.8","48","5"
"Roofing contractors","=""238160""","Line Item","223.8","0.1","100.0","224.7","0.1","100.0","0.9","0.4","49","5"
"Building equipment contractors","=""238200""","Summary","2,277.7","1.4","100.0","2,321.2","1.4","100.0","43.5","1.9","51","4"
"Electrical contractors and other wiring installation contractors","=""238210""","Line Item","961.1","0.6","100.0","986.5","0.6","100.0","25.4","2.6","52","5"
"Plumbing, heating, and air-conditioning contractors","=""238220""","Line Item","1,166.8","0.7","100.0","1,181.6","0.7","100.0","14.8","1.3","53","5"
"Other building equipment contractors","=""238290""","Line Item","149.8","0.1","100.0","153.1","0.1","100.0","3.3","2.2","54","5"
"Building finishing contractors","=""238300""","Summary","811.9","0.5","100.0","832.6","0.5","100.0","20.7","2.6","55","4"
"Drywall and insulation contractors","=""238310""","Line Item","250.5","0.2","100.0","259.8","0.2","100.0","9.3","3.7","56","5"
"Painting and wall covering contractors","=""238320""","Line Item","197.2","0.1","100.0","199.6","0.1","100.0","2.4","1.2","57","5"
"Other specialty trade contractors","=""238900""","Line Item","712.5","0.5","100.0","718.4","0.4","100.0","5.9","0.8","59","4"
"Manufacturing","=""31-330""","Summary","12,346.6","7.8","100.0","12,207.2","7.3","100.0","-139.4","-1.1","60","2"
"Food manufacturing","=""311000""","Summary","1,637.8","1.0","100.0","1,679.5","1.0","100.0","41.7","2.5","61","3"
"Animal food manufacturing","=""311100""","Line Item","68.0","0.0","100.0","70.2","0.0","100.0","2.2","3.2","62","4"
"Grain and oilseed milling","=""311200""","Line Item","62.4","0.0","100.0","64.7","0.0","100.0","2.3","3.6","63","4"
"Sugar and confectionery product manufacturing","=""311300""","Line Item","77.7","0.0","100.0","78.2","0.0","100.0","0.5","0.6","64","4"
"Fruit and vegetable preserving and specialty food manufacturing","=""311400""","Line Item","173.0","0.1","100.0","174.9","0.1","100.0","1.9","1.1","65","4"
"Dairy product manufacturing","=""311500""","Line Item","154.7","0.1","100.0","156.4","0.1","100.0","1.7","1.1","66","4"
"Animal slaughtering and processing","=""311600""","Line Item","528.3","0.3","100.0","535.3","0.3","100.0","7.0","1.3","67","4"
"Seafood product preparation and packaging","=""311700""","Line Item","32.7","0.0","100.0","30.1","0.0","100.0","-2.6","-8.0","68","4"
"Bakeries and tortilla manufacturing","=""311800""","Line Item","304.0","0.2","100.0","314.3","0.2","100.0","10.3","3.4","69","4"
"Other food manufacturing","=""311900""","Line Item","237.0","0.1","100.0","255.6","0.2","100.0","18.6","7.8","70","4"
"Beverage and tobacco product manufacturing","=""312000""","Summary","300.1","0.2","100.0","302.7","0.2","100.0","2.6","0.9","71","3"
"Beverage manufacturing","=""312100""","Line Item","289.4","0.2","100.0","297.7","0.2","100.0","8.3","2.9","72","4"
"Tobacco manufacturing","=""312200""","Line Item","10.7","0.0","100.0","5.0","0.0","100.0","-5.7","-53.6","73","4"
"Textile mills and textile product mills","=""313-40""","Summary","201.5","0.1","100.0","175.4","0.1","100.0","-26.1","-12.9","74","3"
"Textile mills","=""313000""","Line Item","98.1","0.1","100.0","81.6","0.0","100.0","-16.5","-16.8","75","4"
"Textile product mills","=""314000""","Line Item","103.4","0.1","100.0","93.8","0.1","100.0","-9.6","-9.3","76","4"
"Apparel, leather and allied product manufacturing","=""315-60""","Summary","117.0","0.1","100.0","75.2","0.0","100.0","-41.8","-35.7","77","3"
"Apparel manufacturing","=""315000""","Line Item","91.9","0.1","100.0","54.5","0.0","100.0","-37.4","-40.7","78","4"
"Leather and allied product manufacturing","=""316000""","Line Item","25.1","0.0","100.0","20.6","0.0","100.0","-4.5","-17.8","79","4"
"Wood product manufacturing","=""321000""","Summary","409.7","0.3","100.0","420.5","0.3","100.0","10.8","2.6","80","3"
"Sawmills and wood preservation","=""321100""","Line Item","89.5","0.1","100.0","90.2","0.1","100.0","0.7","0.8","81","4"
"Veneer, plywood, and engineered wood product manufacturing","=""321200""","Line Item","81.7","0.1","100.0","86.7","0.1","100.0","5.0","6.1","82","4"
"Other wood product manufacturing","=""321900""","Line Item","238.5","0.2","100.0","243.6","0.1","100.0","5.1","2.1","83","4"
"Paper manufacturing","=""322000""","Summary","348.7","0.2","100.0","329.8","0.2","100.0","-18.9","-5.4","84","3"
"Pulp, paper, and paperboard mills","=""322100""","Line Item","88.2","0.1","100.0","79.2","0.0","100.0","-9.0","-10.2","85","4"
"Converted paper product manufacturing","=""322200""","Line Item","260.5","0.2","100.0","250.6","0.2","100.0","-9.9","-3.8","86","4"
"Printing and related support activities","=""323000""","Line Item","367.4","0.2","100.0","270.6","0.2","100.0","-96.8","-26.3","87","3"
"Petroleum and coal products manufacturing","=""324000""","Line Item","105.6","0.1","100.0","107.3","0.1","100.0","1.7","1.6","88","3"
"Chemical manufacturing","=""325000""","Summary","868.9","0.5","100.0","909.0","0.5","100.0","40.1","4.6","89","3"
"Pharmaceutical and medicine manufacturing","=""325400""","Line Item","332.1","0.2","100.0","360.9","0.2","100.0","28.8","8.7","90","4"
"Chemical manufacturing (3255,6)","=""3250A2""","Line Item","181.5","0.1","100.0","191.5","0.1","100.0","10.0","5.5","91","4"
"Chemical manufacturing (3251,2,3,9)","=""3250A1""","Line Item","355.3","0.2","100.0","356.6","0.2","100.0","1.3","0.4","92","4"
"Plastics and rubber products manufacturing","=""326000""","Summary","723.9","0.5","100.0","754.8","0.5","100.0","30.9","4.3","93","3"
"Plastics product manufacturing","=""326100""","Line Item","592.4","0.4","100.0","616.5","0.4","100.0","24.1","4.1","94","4"
"Rubber product manufacturing","=""326200""","Line Item","131.5","0.1","100.0","138.3","0.1","100.0","6.8","5.2","95","4"
"Nonmetallic mineral product manufacturing","=""327000""","Line Item","402.0","0.3","100.0","407.0","0.2","100.0","5.0","1.3","96","3"
"Primary metal manufacturing","=""331000""","Summary","350.5","0.2","100.0","329.1","0.2","100.0","-21.4","-6.1","97","3"
"Iron and steel mills and ferroalloy manufacturing","=""331100""","Line Item","78.9","0.0","100.0","68.3","0.0","100.0","-10.6","-13.5","98","4"
"Steel product manufacturing from purchased steel","=""331200""","Line Item","52.5","0.0","100.0","51.1","0.0","100.0","-1.4","-2.6","99","4"
"Alumina and aluminum production and processing","=""331300""","Line Item","57.6","0.0","100.0","54.3","0.0","100.0","-3.2","-5.6","100","4"
"Nonferrous metal (except aluminum) production and processing","=""331400""","Line Item","57.3","0.0","100.0","59.1","0.0","100.0","1.8","3.2","101","4"
"Foundries","=""331500""","Line Item","104.2","0.1","100.0","96.2","0.1","100.0","-8.0","-7.7","102","4"
"Fabricated metal product manufacturing","=""332000""","Summary","1,383.9","0.9","100.0","1,393.5","0.8","100.0","9.6","0.7","103","3"
"Fabricated metal product manufacturing (3323,4)","=""3320A2""","Line Item","473.8","0.3","100.0","491.9","0.3","100.0","18.1","3.8","104","4"
"Machine shops; turned product; and screw, nut, and bolt manufacturing","=""332700""","Summary","328.2","0.2","100.0","346.3","0.2","100.0","18.1","5.5","105","4"
"Machine shops","=""332710""","Line Item","256.9","0.2","100.0","280.5","0.2","100.0","23.6","9.2","106","5"
"Turned product and screw, nut, and bolt manufacturing","=""332720""","Line Item","71.3","0.0","100.0","65.8","0.0","100.0","-5.5","-7.7","107","5"
"Coating, engraving, heat treating, and allied activities","=""332800""","Line Item","123.4","0.1","100.0","115.3","0.1","100.0","-8.1","-6.6","108","4"
"Fabricated metal product manufacturing (3321,2,5,6,9)","=""3320A1""","Line Item","458.5","0.3","100.0","440.0","0.3","100.0","-18.5","-4.0","109","4"
"Machinery manufacturing","=""333000""","Summary","1,053.2","0.7","100.0","928.2","0.6","100.0","-125.0","-11.9","110","3"
"Commercial and service industry machinery manufacturing","=""333300""","Line Item","86.7","0.1","100.0","82.2","0.0","100.0","-4.5","-5.2","111","4"
"Metalworking machinery manufacturing","=""333500""","Line Item","159.4","0.1","100.0","138.3","0.1","100.0","-21.1","-13.2","112","4"
"Engine, turbine, and power transmission equipment manufacturing","=""333600""","Line Item","87.0","0.1","100.0","72.2","0.0","100.0","-14.8","-17.0","113","4"
"Machinery manufacturing (3331,2,4,9)","=""3330A1""","Line Item","720.1","0.5","100.0","635.5","0.4","100.0","-84.6","-11.7","114","4"
"Computer and electronic product manufacturing","=""334000""","Summary","1,058.4","0.7","100.0","1,070.0","0.6","100.0","11.6","1.1","115","3"
"Computer and peripheral equipment manufacturing","=""334100""","Line Item","157.6","0.1","100.0","165.4","0.1","100.0","7.8","4.9","116","4"
"Communications equipment manufacturing","=""334200""","Line Item","85.3","0.1","100.0","83.2","0.0","100.0","-2.1","-2.5","117","4"
"Audio and video equipment manufacturing","=""334300""","Line Item","19.1","0.0","100.0","19.0","0.0","100.0","-0.1","-0.5","118","4"
"Semiconductor and other electronic component manufacturing","=""334400""","Line Item","368.3","0.2","100.0","380.9","0.2","100.0","12.6","3.4","119","4"
"Navigational, measuring, electromedical, and control instruments manufacturing","=""334500""","Line Item","416.8","0.3","100.0","416.0","0.2","100.0","-0.8","-0.2","120","4"
"Manufacturing and reproducing magnetic and optical media","=""334600""","Line Item","11.3","0.0","100.0","5.5","0.0","100.0","-5.7","-51.0","121","4"
"Electrical equipment, appliance, and component manufacturing","=""335000""","Summary","393.9","0.2","100.0","413.0","0.2","100.0","19.1","4.8","122","3"
"Electric lighting equipment manufacturing","=""335100""","Line Item","41.7","0.0","100.0","36.1","0.0","100.0","-5.6","-13.5","123","4"
"Household appliance manufacturing","=""335200""","Line Item","71.5","0.0","100.0","70.2","0.0","100.0","-1.3","-1.9","124","4"
"Electrical equipment manufacturing","=""335300""","Line Item","138.5","0.1","100.0","140.3","0.1","100.0","1.8","1.3","125","4"
"Other electrical equipment and component manufacturing","=""335900""","Line Item","142.2","0.1","100.0","166.4","0.1","100.0","24.2","17.0","126","4"
"Transportation equipment manufacturing","=""336000""","Summary","1,639.6","1.0","100.0","1,638.9","1.0","100.0","-0.7","0.0","127","3"
"Motor vehicle manufacturing","=""336100""","Line Item","250.0","0.2","100.0","266.6","0.2","100.0","16.6","6.7","128","4"
"Motor vehicle body and trailer manufacturing","=""336200""","Line Item","162.9","0.1","100.0","170.4","0.1","100.0","7.5","4.6","129","4"
"Motor vehicle parts manufacturing","=""336300""","Line Item","544.8","0.3","100.0","551.3","0.3","100.0","6.5","1.2","130","4"
"Aerospace product and parts manufacturing","=""336400""","Line Item","479.7","0.3","100.0","466.1","0.3","100.0","-13.6","-2.8","131","4"
"Railroad rolling stock manufacturing","=""336500""","Line Item","19.1","0.0","100.0","16.0","0.0","100.0","-3.1","-16.2","132","4"
"Ship and boat building","=""336600""","Line Item","147.0","0.1","100.0","135.3","0.1","100.0","-11.7","-7.9","133","4"
"Other transportation equipment manufacturing","=""336900""","Line Item","36.1","0.0","100.0","33.1","0.0","100.0","-3.0","-8.3","134","4"
"Furniture and related product manufacturing","=""337000""","Summary","374.8","0.2","100.0","362.4","0.2","100.0","-12.4","-3.3","135","3"
"Furniture and related product manufacturing (3371,2)","=""3370A1""","Line Item","337.4","0.2","100.0","332.5","0.2","100.0","-4.9","-1.4","136","4"
"Other furniture related product manufacturing","=""337900""","Line Item","37.4","0.0","100.0","29.8","0.0","100.0","-7.6","-20.3","137","4"
"Miscellaneous manufacturing","=""339000""","Summary","609.7","0.4","100.0","640.4","0.4","100.0","30.7","5.0","138","3"
"Medical equipment and supplies manufacturing","=""339100""","Line Item","326.6","0.2","100.0","341.7","0.2","100.0","15.1","4.6","139","4"
"Other miscellaneous manufacturing","=""339900""","Summary","283.1","0.2","100.0","298.7","0.2","100.0","15.6","5.5","140","4"
"Jewelry and silverware manufacturing","=""339910""","Line Item","20.7","0.0","100.0","16.3","0.0","100.0","-4.4","-21.4","141","5"
"Wholesale trade","=""420000""","Summary","5,678.0","3.6","100.0","5,813.7","3.5","100.0","135.7","2.4","143","2"
"Merchant wholesalers, durable goods","=""423000""","Summary","3,121.6","2.0","100.0","3,210.3","1.9","100.0","88.7","2.8","144","3"
"Motor vehicle and motor vehicle parts and supplies merchant wholesalers","=""423100""","Line Item","342.9","0.2","100.0","357.5","0.2","100.0","14.6","4.3","145","4"
"Professional and commercial equipment and supplies merchant wholesalers","=""423400""","Line Item","686.4","0.4","100.0","704.0","0.4","100.0","17.6","2.6","146","4"
"Machinery, equipment, and supplies merchant wholesalers","=""423800""","Summary","686.4","0.4","100.0","707.0","0.4","100.0","20.6","3.0","147","4"
"Farm and garden machinery and equipment merchant wholesalers","=""423820""","Line Item","105.9","0.1","100.0","108.1","0.1","100.0","2.2","2.1","148","5"
"Merchant wholesalers, durable goods (4232,3,5,6,7,9)","=""4230A1""","Line Item","1,405.9","0.9","100.0","1,441.8","0.9","100.0","35.9","2.6","150","4"
"Merchant wholesalers, nondurable goods","=""424000""","Summary","2,074.6","1.3","100.0","2,109.2","1.3","100.0","34.6","1.7","151","3"
"Apparel, piece goods, and notions merchant wholesalers","=""424300""","Line Item","136.6","0.1","100.0","138.4","0.1","100.0","1.8","1.3","152","4"
"Farm product raw material merchant wholesalers","=""424500""","Line Item","70.0","0.0","100.0","72.1","0.0","100.0","2.1","3.0","153","4"
"Merchant wholesalers, nondurable goods (4242,6)","=""4240A2""","Line Item","382.3","0.2","100.0","388.9","0.2","100.0","6.6","1.7","154","4"
"Merchant wholesalers, nondurable goods (4244,8)","=""4240A1""","Line Item","952.4","0.6","100.0","969.7","0.6","100.0","17.3","1.8","155","4"
"Merchant wholesalers, nondurable goods (4241,7,9)","=""4240A3""","Line Item","533.3","0.3","100.0","540.1","0.3","100.0","6.8","1.3","156","4"
"Wholesale electronic markets and agents and brokers","=""425000""","Line Item","481.8","0.3","100.0","494.2","0.3","100.0","12.4","2.6","157","3"
"Retail trade","=""44-450""","Summary","15,395.9","9.7","100.0","15,063.3","9.0","100.0","-332.6","-2.2","158","2"
"Motor vehicle and parts dealers","=""441000""","Summary","1,940.3","1.2","100.0","1,984.7","1.2","100.0","44.4","2.3","159","3"
"Automobile dealers","=""441100""","Line Item","1,223.2","0.8","100.0","1,252.3","0.8","100.0","29.1","2.4","160","4"
"Other motor vehicle dealers","=""441200""","Line Item","168.0","0.1","100.0","173.7","0.1","100.0","5.7","3.4","161","4"
"Automotive parts, accessories, and tire stores","=""441300""","Line Item","549.1","0.3","100.0","558.7","0.3","100.0","9.6","1.7","162","4"
"Food and beverage stores","=""445000""","Summary","3,129.8","2.0","100.0","2,940.9","1.8","100.0","-188.9","-6.0","163","3"
"Grocery and specialty food stores","=""4450A1""","Line Item","2,964.2","1.9","100.0","2,782.1","1.7","100.0","-182.1","-6.1","164","4"
"Beer, wine, and liquor stores","=""445300""","Line Item","165.6","0.1","100.0","158.8","0.1","100.0","-6.8","-4.1","165","4"
"General merchandise stores","=""452000""","Line Item","3,092.7","2.0","100.0","3,132.4","1.9","100.0","39.7","1.3","166","3"
"Retail trade, except motor vehicle and parts dealers, food and beverage stores, and general merchandise stores","=""4445R0""","Summary","7,233.1","4.6","100.0","7,005.2","4.2","100.0","-227.9","-3.2","167","3"
"Furniture and home furnishings stores","=""442000""","Summary","441.9","0.3","100.0","442.0","0.3","100.0","0.1","0.0","168","4"
"Furniture stores","=""442100""","Line Item","214.4","0.1","100.0","210.2","0.1","100.0","-4.2","-2.0","169","5"
"Home furnishings stores","=""442200""","Line Item","227.5","0.1","100.0","231.9","0.1","100.0","4.4","1.9","170","5"
"Electronics and appliance stores","=""443000""","Line Item","424.0","0.3","100.0","361.5","0.2","100.0","-62.5","-14.7","171","4"
"Building material and garden equipment and supplies dealers","=""444000""","Summary","1,399.2","0.9","100.0","1,432.6","0.9","100.0","33.4","2.4","172","4"
"Building material and supplies dealers","=""444100""","Line Item","1,222.8","0.8","100.0","1,250.4","0.8","100.0","27.6","2.3","173","5"
"Lawn and garden equipment and supplies stores","=""444200""","Line Item","176.4","0.1","100.0","182.1","0.1","100.0","5.7","3.3","174","5"
"Health and personal care stores","=""446000""","Summary","1,029.1","0.7","100.0","975.8","0.6","100.0","-53.3","-5.2","175","4"
"Health and personal care stores","=""446100""","Summary","1,029.1","0.7","100.0","975.8","0.6","100.0","-53.3","-5.2","176","5"
"Pharmacies and drug stores","=""446110""","Line Item","701.2","0.4","100.0","639.6","0.4","100.0","-61.6","-8.8","177","6"
"Gasoline stations","=""447000""","Line Item","939.2","0.6","100.0","858.1","0.5","100.0","-81.1","-8.6","179","4"
"Clothing and clothing accessories stores","=""448000""","Summary","1,032.6","0.7","100.0","1,031.2","0.6","100.0","-1.4","-0.1","180","4"
"Clothing stores","=""448100""","Line Item","760.7","0.5","100.0","776.2","0.5","100.0","15.5","2.0","181","5"
"Shoe stores","=""448200""","Line Item","161.2","0.1","100.0","141.5","0.1","100.0","-19.7","-12.2","182","5"
"Jewelry, luggage, and leather goods stores","=""448300""","Line Item","110.7","0.1","100.0","113.5","0.1","100.0","2.8","2.5","183","5"
"Sporting goods, hobby, musical instrument, and book stores","=""451000""","Summary","527.0","0.3","100.0","472.9","0.3","100.0","-54.1","-10.3","184","4"
"Sporting goods, hobby, and musical instrument stores","=""451100""","Summary","465.8","0.3","100.0","439.2","0.3","100.0","-26.6","-5.7","185","5"
"Sporting goods stores","=""451110""","Line Item","279.0","0.2","100.0","287.2","0.2","100.0","8.2","2.9","186","6"
"Book stores and news dealers","=""451200""","Line Item","61.2","0.0","100.0","33.6","0.0","100.0","-27.6","-45.1","188","5"
"Miscellaneous store retailers","=""453000""","Summary","805.0","0.5","100.0","700.5","0.4","100.0","-104.5","-13.0","189","4"
"Florists","=""453100""","Line Item","54.9","0.0","100.0","38.5","0.0","100.0","-16.4","-29.8","190","5"
"Miscellaneous store retailers (4532,3)","=""4530A1""","Line Item","369.0","0.2","100.0","273.2","0.2","100.0","-95.8","-26.0","191","5"
"Other miscellaneous store retailers","=""453900""","Line Item","381.1","0.2","100.0","388.8","0.2","100.0","7.7","2.0","192","5"
"Nonstore retailers","=""454000""","Summary","635.1","0.4","100.0","730.6","0.4","100.0","95.5","15.0","193","4"
"Electronic shopping and mail-order houses","=""454100""","Line Item","466.5","0.3","100.0","580.7","0.3","100.0","114.2","24.5","194","5"
"Vending machine operators","=""454200""","Line Item","30.2","0.0","100.0","30.8","0.0","100.0","0.6","2.1","195","5"
"Direct selling establishments","=""454300""","Line Item","138.4","0.1","100.0","119.1","0.1","100.0","-19.3","-14.0","196","5"
"Transportation and warehousing","=""48-490""","Summary","6,091.9","3.9","100.0","6,558.5","3.9","100.0","466.6","7.7","197","2"
"Air transportation","=""481000""","Summary","475.3","0.3","100.0","513.7","0.3","100.0","38.4","8.1","198","3"
"Scheduled air transportation","=""481100""","Line Item","425.6","0.3","100.0","461.8","0.3","100.0","36.2","8.5","199","4"
"Nonscheduled air transportation","=""481200""","Line Item","49.7","0.0","100.0","51.9","0.0","100.0","2.2","4.4","200","4"
"Rail transportation","=""482000""","Line Item","146.2","0.1","100.0","152.4","0.1","100.0","6.2","4.2","201","3"
"Water transportation","=""483000""","Summary","56.4","0.0","100.0","59.1","0.0","100.0","2.7","4.9","202","3"
"Deep sea, coastal, and great lakes water transportation","=""483100""","Line Item","32.0","0.0","100.0","33.7","0.0","100.0","1.7","5.3","203","4"
"Inland water transportation","=""483200""","Line Item","24.4","0.0","100.0","25.5","0.0","100.0","1.1","4.3","204","4"
"Truck transportation","=""484000""","Line Item","1,514.2","1.0","100.0","1,538.6","0.9","100.0","24.4","1.6","205","3"
"Transit and ground passenger transportation","=""485000""","Summary","374.6","0.2","100.0","418.5","0.3","100.0","43.9","11.7","206","3"
"Urban transit systems","=""485100""","Line Item","47.0","0.0","100.0","50.2","0.0","100.0","3.2","6.8","207","4"
"Interurban and rural bus transportation","=""485200""","Line Item","15.3","0.0","100.0","16.7","0.0","100.0","1.4","9.1","208","4"
"Taxi and limousine service","=""485300""","Line Item","43.1","0.0","100.0","47.1","0.0","100.0","4.0","9.2","209","4"
"School and employee bus transportation","=""485400""","Line Item","160.4","0.1","100.0","178.9","0.1","100.0","18.5","11.5","210","4"
"Charter bus industry","=""485500""","Line Item","18.6","0.0","100.0","22.0","0.0","100.0","3.3","17.9","211","4"
"Other transit and ground passenger transportation","=""485900""","Line Item","90.1","0.1","100.0","103.6","0.1","100.0","13.5","15.0","212","4"
"Pipeline transportation","=""486000""","Summary","49.9","0.0","100.0","53.1","0.0","100.0","3.2","6.5","213","3"
"Pipeline transportation of crude oil","=""486100""","Line Item","11.5","0.0","100.0","13.1","0.0","100.0","1.6","14.3","214","4"
"Pipeline transportation of natural gas","=""486200""","Line Item","30.2","0.0","100.0","31.0","0.0","100.0","0.8","2.6","215","4"
"Other pipeline transportation","=""486900""","Line Item","8.2","0.0","100.0","9.0","0.0","100.0","0.8","9.6","216","4"
"Scenic and sightseeing transportation and support activities for transportation","=""487-80""","Summary","744.9","0.5","100.0","780.8","0.5","100.0","35.9","4.8","217","3"
"Scenic and sightseeing transportation","=""487000""","Summary","22.6","0.0","100.0","30.1","0.0","100.0","7.5","33.0","218","4"
"Scenic and sightseeing transportation, land","=""487100""","Line Item","7.6","0.0","100.0","12.5","0.0","100.0","4.9","65.1","219","5"
"Scenic and sightseeing transportation, water","=""487200""","Line Item","12.9","0.0","100.0","14.8","0.0","100.0","1.9","14.9","220","5"
"Scenic and sightseeing transportation, other","=""487900""","Line Item","2.1","0.0","100.0","2.7","0.0","100.0","0.6","28.7","221","5"
"Support activities for transportation","=""488000""","Summary","722.3","0.5","100.0","750.8","0.5","100.0","28.5","3.9","222","4"
"Support activities for air transportation","=""488100""","Line Item","203.2","0.1","100.0","226.4","0.1","100.0","23.2","11.4","223","5"
"Support activities for rail transportation","=""488200""","Line Item","37.7","0.0","100.0","35.9","0.0","100.0","-1.8","-4.8","224","5"
"Support activities for water transportation","=""488300""","Line Item","90.0","0.1","100.0","76.5","0.0","100.0","-13.5","-15.0","225","5"
"Support activities for road transportation","=""488400""","Line Item","110.1","0.1","100.0","111.3","0.1","100.0","1.2","1.1","226","5"
"Freight transportation arrangement","=""488500""","Line Item","242.2","0.2","100.0","259.6","0.2","100.0","17.4","7.2","227","5"
"Other support activities for transportation","=""488900""","Line Item","39.1","0.0","100.0","41.0","0.0","100.0","1.9","4.9","228","5"
"Couriers and messengers","=""492000""","Summary","1,082.2","0.7","100.0","1,253.0","0.8","100.0","170.8","15.8","229","3"
"Couriers and express delivery services","=""492100""","Line Item","902.4","0.6","100.0","1,042.5","0.6","100.0","140.1","15.5","230","4"
"Local messengers and local delivery","=""492200""","Line Item","179.8","0.1","100.0","210.5","0.1","100.0","30.7","17.1","231","4"
"Warehousing and storage","=""493000""","Line Item","1,648.2","1.0","100.0","1,789.2","1.1","100.0","141.0","8.6","232","3"
"Information","=""510000""","Summary","2,831.3","1.8","100.0","3,041.2","1.8","100.0","209.9","7.4","233","2"
"Publishing industries (except Internet)","=""511000""","Summary","790.8","0.5","100.0","773.8","0.5","100.0","-17.0","-2.1","234","3"
"Newspaper, periodical, book, and directory publishers","=""511100""","Summary","247.3","0.2","100.0","187.4","0.1","100.0","-59.9","-24.2","235","4"
"Newspaper publishers","=""511110""","Line Item","103.7","0.1","100.0","72.2","0.0","100.0","-31.5","-30.4","236","5"
"Software publishers","=""511200""","Line Item","543.5","0.3","100.0","586.4","0.4","100.0","42.9","7.9","238","4"
"Motion picture and sound recording industries","=""512000""","Summary","370.8","0.2","100.0","446.1","0.3","100.0","75.3","20.3","239","3"
"Motion picture and video industries","=""512100""","Summary","350.4","0.2","100.0","424.6","0.3","100.0","74.2","21.2","240","4"
"Motion picture and video exhibition","=""512130""","Line Item","67.9","0.0","100.0","115.8","0.1","100.0","47.9","70.5","241","5"
"Sound recording industries","=""512200""","Line Item","20.4","0.0","100.0","21.4","0.0","100.0","1.0","5.0","243","4"
"Broadcasting (except Internet)","=""515000""","Summary","236.3","0.1","100.0","211.5","0.1","100.0","-24.8","-10.5","244","3"
"Radio and television broadcasting","=""515100""","Summary","190.5","0.1","100.0","175.4","0.1","100.0","-15.1","-7.9","245","4"
"Radio broadcasting","=""515110""","Line Item","67.1","0.0","100.0","58.8","0.0","100.0","-8.3","-12.4","246","5"
"Television broadcasting","=""515120""","Line Item","123.4","0.1","100.0","116.7","0.1","100.0","-6.7","-5.5","247","5"
"Cable and other subscription programming","=""515200""","Line Item","45.8","0.0","100.0","36.1","0.0","100.0","-9.7","-21.2","248","4"
"Telecommunications","=""517000""","Line Item","666.8","0.4","100.0","662.6","0.4","100.0","-4.2","-0.6","249","3"
"Data processing, hosting, and related services","=""518000""","Line Item","388.3","0.2","100.0","456.1","0.3","100.0","67.8","17.5","250","3"
"Other information services","=""519000""","Line Item","378.3","0.2","100.0","491.2","0.3","100.0","112.9","29.8","251","3"
"Finance and insurance","=""520000""","Summary","6,519.6","4.1","100.0","6,806.9","4.1","100.0","287.3","4.4","252","2"
"Monetary authorities, credit intermediation, and related activities","=""521-20""","Summary","2,727.8","1.7","100.0","2,806.6","1.7","100.0","78.8","2.9","253","3"
"Monetary authorities-central bank","=""521000""","Line Item","20.9","0.0","100.0","21.6","0.0","100.0","0.7","3.4","254","4"
"Credit intermediation and related activities","=""522000""","Summary","2,706.9","1.7","100.0","2,785.0","1.7","100.0","78.1","2.9","255","4"
"Nondepository credit intermediation","=""522200""","Summary","633.8","0.4","100.0","651.7","0.4","100.0","17.9","2.8","256","5"
"Other nondepository credit intermediation","=""522290""","Line Item","473.6","0.3","100.0","485.8","0.3","100.0","12.2","2.6","257","6"
"Credit intermediation and related activities (5221,3)","=""5220A1""","Line Item","2,073.1","1.3","100.0","2,133.3","1.3","100.0","60.2","2.9","259","5"
"Insurance carriers and related activities","=""524000""","Summary","2,801.8","1.8","100.0","2,876.8","1.7","100.0","75.0","2.7","260","3"
"Insurance carriers","=""524100""","Summary","1,566.9","1.0","100.0","1,588.8","1.0","100.0","21.9","1.4","261","4"
"Direct health and medical insurance carriers","=""524114""","Line Item","571.4","0.4","100.0","592.9","0.4","100.0","21.6","3.8","262","5"
"Direct insurance (except life, health, and medical) carriers","=""524120""","Line Item","628.6","0.4","100.0","628.8","0.4","100.0","0.2","0.0","263","5"
"Agencies, brokerages, and other insurance related activities","=""524200""","Summary","1,234.9","0.8","100.0","1,288.0","0.8","100.0","53.1","4.3","265","4"
"Insurance agencies and brokerages","=""524210""","Line Item","881.6","0.6","100.0","914.9","0.5","100.0","33.3","3.8","266","5"
"Other insurance related activities","=""524290""","Line Item","353.3","0.2","100.0","373.1","0.2","100.0","19.8","5.6","267","5"
"Securities, commodity contracts, fund, trusts and other financial investments and vehicles and related activities","=""523,50""","Summary","990.0","0.6","100.0","1,123.5","0.7","100.0","133.5","13.5","268","3"
"Securities, commodity contracts, and other financial investments and related activities","=""523000""","Line Item","969.2","0.6","100.0","1,093.2","0.7","100.0","124.0","12.8","269","4"
"Funds, trusts, and other financial vehicles","=""525000""","Summary","20.8","0.0","100.0","30.3","0.0","100.0","9.5","45.7","270","4"
"Insurance and employee benefit funds","=""525100""","Line Item","8.3","0.0","100.0","13.5","0.0","100.0","5.2","61.9","271","5"
"Other investment pools and funds","=""525900""","Line Item","12.5","0.0","100.0","16.9","0.0","100.0","4.4","35.0","272","5"
"Real estate and rental and leasing","=""530000""","Summary","2,257.4","1.4","100.0","2,306.2","1.4","100.0","48.8","2.2","273","2"
"Real estate","=""531000""","Line Item","1,747.2","1.1","100.0","1,784.2","1.1","100.0","37.0","2.1","274","3"
"Rental and leasing services","=""532000""","Summary","489.7","0.3","100.0","501.8","0.3","100.0","12.1","2.5","275","3"
"Automotive equipment rental and leasing","=""532100""","Line Item","189.0","0.1","100.0","203.1","0.1","100.0","14.1","7.5","276","4"
"Rental and leasing services (5322,3,4)","=""5320A1""","Line Item","300.7","0.2","100.0","298.7","0.2","100.0","-2.0","-0.7","277","4"
"Lessors of nonfinancial intangible assets (except copyrighted works)","=""533000""","Line Item","20.5","0.0","100.0","20.2","0.0","100.0","-0.3","-1.3","278","3"
"Professional, scientific, and technical services","=""540000""","Summary","9,882.8","6.2","100.0","10,957.5","6.6","100.0","1,074.7","10.9","279","2"
"Professional, scientific, and technical services","=""541000""","Summary","9,882.8","6.2","100.0","10,957.5","6.6","100.0","1,074.7","10.9","280","3"
"Legal services","=""541100""","Line Item","1,154.8","0.7","100.0","1,227.9","0.7","100.0","73.1","6.3","281","4"
"Accounting, tax preparation, bookkeeping, and payroll services","=""541200""","Line Item","1,048.9","0.7","100.0","1,062.5","0.6","100.0","13.6","1.3","282","4"
"Architectural, engineering, and related services","=""541300""","Summary","1,545.1","1.0","100.0","1,573.7","0.9","100.0","28.6","1.9","283","4"
"Engineering services","=""541330""","Line Item","1,040.7","0.7","100.0","1,059.3","0.6","100.0","18.6","1.8","285","5"
"Testing laboratories","=""541380""","Line Item","177.2","0.1","100.0","179.6","0.1","100.0","2.4","1.3","287","5"
"Specialized design services","=""541400""","Line Item","141.4","0.1","100.0","148.4","0.1","100.0","7.0","4.9","288","4"
"Computer systems design and related services","=""541500""","Line Item","2,301.3","1.5","100.0","2,756.5","1.7","100.0","455.2","19.8","289","4"
"Management, scientific, and technical consulting services","=""541600""","Line Item","1,634.3","1.0","100.0","1,854.4","1.1","100.0","220.1","13.5","290","4"
"Scientific research and development services","=""541700""","Summary","823.2","0.5","100.0","923.8","0.6","100.0","100.6","12.2","291","4"
"Research and development in the physical, engineering, and life sciences","=""541710""","Line Item","762.1","0.5","100.0","859.2","0.5","100.0","97.1","12.7","292","5"
"Research and development in the social sciences and humanities","=""541720""","Line Item","61.1","0.0","100.0","64.7","0.0","100.0","3.6","5.8","293","5"
"Advertising, public relations, and related services","=""541800""","Line Item","445.7","0.3","100.0","478.1","0.3","100.0","32.4","7.3","294","4"
"Other professional, scientific, and technical services","=""541900""","Summary","788.1","0.5","100.0","932.2","0.6","100.0","144.1","18.3","295","4"
"Photographic services","=""541920""","Line Item","39.0","0.0","100.0","28.0","0.0","100.0","-11.0","-28.3","296","5"
"Veterinary services","=""541940""","Line Item","438.5","0.3","100.0","512.7","0.3","100.0","74.2","16.9","297","5"
"Management of companies and enterprises","=""550000""","Summary","2,337.5","1.5","100.0","2,405.7","1.4","100.0","68.2","2.9","299","2"
"Management of companies and enterprises","=""551000""","Line Item","2,337.5","1.5","100.0","2,405.7","1.4","100.0","68.2","2.9","300","3"
"Administrative and support and waste management and remediation services","=""560000""","Summary","9,029.4","5.7","100.0","9,435.7","5.7","100.0","406.3","4.5","301","2"
"Administrative and support services","=""561000""","Summary","8,573.0","5.4","100.0","8,954.5","5.4","100.0","381.5","4.5","302","3"
"Office administrative services","=""561100""","Line Item","545.1","0.3","100.0","631.5","0.4","100.0","86.4","15.8","303","4"
"Facilities support services","=""561200""","Line Item","155.5","0.1","100.0","161.4","0.1","100.0","5.9","3.8","304","4"
"Employment services","=""561300""","Summary","3,562.9","2.3","100.0","3,658.6","2.2","100.0","95.7","2.7","305","4"
"Temporary help services","=""561320""","Line Item","2,903.2","1.8","100.0","2,965.3","1.8","100.0","62.1","2.1","306","5"
"Business support services","=""561400""","Line Item","810.1","0.5","100.0","827.0","0.5","100.0","16.9","2.1","308","4"
"Travel arrangement and reservation services","=""561500""","Line Item","138.1","0.1","100.0","170.4","0.1","100.0","32.3","23.4","309","4"
"Investigation and security services","=""561600""","Summary","910.8","0.6","100.0","972.3","0.6","100.0","61.5","6.8","310","4"
"Investigation, guard, and armored car services","=""561610""","Line Item","759.2","0.5","100.0","809.9","0.5","100.0","50.7","6.7","311","5"
"Security systems services","=""561620""","Line Item","151.6","0.1","100.0","162.4","0.1","100.0","10.8","7.1","312","5"
"Services to buildings and dwellings","=""561700""","Summary","2,152.7","1.4","100.0","2,190.2","1.3","100.0","37.5","1.7","313","4"
"Exterminating and pest control services","=""561710""","Line Item","139.4","0.1","100.0","145.6","0.1","100.0","6.2","4.5","314","5"
"Landscaping services","=""561730""","Line Item","841.0","0.5","100.0","864.0","0.5","100.0","23.0","2.7","315","5"
"Other support services","=""561900""","Line Item","297.8","0.2","100.0","343.2","0.2","100.0","45.4","15.2","317","4"
"Waste management and remediation services","=""562000""","Summary","456.4","0.3","100.0","481.1","0.3","100.0","24.7","5.4","318","3"
"Waste collection","=""562100""","Line Item","196.8","0.1","100.0","207.6","0.1","100.0","10.8","5.5","319","4"
"Waste treatment and disposal","=""562200""","Line Item","98.8","0.1","100.0","102.5","0.1","100.0","3.7","3.7","320","4"
"Remediation and other waste management services","=""562900""","Line Item","160.8","0.1","100.0","171.1","0.1","100.0","10.3","6.4","321","4"
"Educational services; state, local, and private","=""610000""","Summary","13,709.2","8.7","100.0","14,501.2","8.7","100.0","792.0","5.8","322","2"
"Educational services; state, local, and private","=""611000""","Summary","13,709.2","8.7","100.0","14,501.2","8.7","100.0","792.0","5.8","323","3"
"Elementary and secondary schools; state, local, and private","=""611100""","Summary","8,236.0","5.2","100.0","8,511.1","5.1","100.0","275.1","3.3","324","4"
"Elementary and secondary schools; private","=""611105""","Line Item","1,073.2","0.7","100.0","1,202.8","0.7","100.0","129.6","12.1","325","5"
"Elementary and secondary schools; state","=""611102""","Line Item","74.3","0.0","100.0","84.8","0.1","100.0","10.5","14.1","326","5"
"Elementary and secondary schools; local","=""611103""","Line Item","7,088.4","4.5","100.0","7,223.4","4.3","100.0","135.0","1.9","327","5"
"Junior colleges, colleges, universities, and professional schools; state, local, and private","=""6112-3""","Summary","4,646.5","2.9","100.0","4,977.2","3.0","100.0","330.7","7.1","328","4"
"Junior colleges; state, local, and private","=""611200""","Summary","691.1","0.4","100.0","675.0","0.4","100.0","-16.1","-2.3","329","5"
"Junior colleges; private","=""611205""","Line Item","47.5","0.0","100.0","25.6","0.0","100.0","-21.9","-46.2","330","6"
"Junior colleges; state","=""611202""","Line Item","262.2","0.2","100.0","272.3","0.2","100.0","10.2","3.9","331","6"
"Junior colleges; local","=""611203""","Line Item","381.4","0.2","100.0","377.1","0.2","100.0","-4.3","-1.1","332","6"
"Colleges, universities, and professional schools; state, local, and private","=""611300""","Summary","3,955.4","2.5","100.0","4,302.2","2.6","100.0","346.8","8.8","333","5"
"Colleges, universities, and professional schools; private","=""611305""","Line Item","1,708.7","1.1","100.0","1,868.9","1.1","100.0","160.2","9.4","334","6"
"Colleges, universities, and professional schools; state","=""611302""","Line Item","2,179.2","1.4","100.0","2,351.6","1.4","100.0","172.3","7.9","335","6"
"Colleges, universities, and professional schools; local","=""611303""","Line Item","67.5","0.0","100.0","81.7","0.0","100.0","14.2","21.1","336","6"
"Other educational services; state, local, and private","=""6114-7""","Summary","826.8","0.5","100.0","1,012.9","0.6","100.0","186.2","22.5","337","4"
"Business schools and computer and management training; state, local, and private","=""611400""","Summary","82.4","0.1","100.0","86.1","0.1","100.0","3.7","4.5","338","5"
"Business schools and computer and management training; private","=""611405""","Line Item","78.0","0.0","100.0","80.8","0.0","100.0","2.8","3.6","339","6"
"Business schools and computer and management training; state","=""611402""","Line Item","2.6","0.0","100.0","3.1","0.0","100.0","0.5","20.4","340","6"
"Business schools and computer and management training; local","=""611403""","Line Item","1.8","0.0","100.0","2.1","0.0","100.0","0.3","19.2","341","6"
"Technical and trade schools; state, local, and private","=""611500""","Summary","132.6","0.1","100.0","140.5","0.1","100.0","7.9","5.9","342","5"
"Technical and trade schools; private","=""611505""","Line Item","108.9","0.1","100.0","112.2","0.1","100.0","3.3","3.1","343","6"
"Technical and trade schools; state","=""611502""","Line Item","13.9","0.0","100.0","16.8","0.0","100.0","2.8","20.2","344","6"
"Technical and trade schools; local","=""611503""","Line Item","9.8","0.0","100.0","11.5","0.0","100.0","1.7","17.5","345","6"
"Other schools and instruction; state, local, and private","=""611600""","Summary","413.5","0.3","100.0","554.6","0.3","100.0","141.1","34.1","346","5"
"Other schools and instruction; private","=""611605""","Line Item","405.6","0.3","100.0","544.7","0.3","100.0","139.1","34.3","347","6"
"Other schools and instruction; state","=""611602""","Line Item","1.4","0.0","100.0","1.6","0.0","100.0","0.2","12.2","348","6"
"Other schools and instruction; local","=""611603""","Line Item","6.5","0.0","100.0","8.4","0.0","100.0","1.9","28.9","349","6"
"Educational support services; state, local, and private","=""611700""","Summary","198.2","0.1","100.0","231.7","0.1","100.0","33.5","16.9","350","5"
"Educational support services; private","=""611705""","Line Item","167.4","0.1","100.0","191.4","0.1","100.0","24.0","14.3","351","6"
"Educational support services; local","=""611703""","Line Item","30.6","0.0","100.0","39.8","0.0","100.0","9.2","29.9","353","6"
"Healthcare and social assistance","=""620000""","Summary","21,166.6","13.4","100.0","23,778.2","14.3","100.0","2,611.6","12.3","354","2"
"Ambulatory healthcare services","=""621000""","Summary","7,874.7","5.0","100.0","9,021.2","5.4","100.0","1,146.5","14.6","355","3"
"Offices of physicians","=""621100""","Line Item","2,739.1","1.7","100.0","3,012.5","1.8","100.0","273.4","10.0","356","4"
"Offices of dentists","=""621200""","Line Item","994.3","0.6","100.0","1,072.5","0.6","100.0","78.2","7.9","357","4"
"Offices of other health practitioners","=""621300""","Summary","1,012.5","0.6","100.0","1,217.9","0.7","100.0","205.4","20.3","358","4"
"Offices of chiropractors","=""621310""","Line Item","144.2","0.1","100.0","154.7","0.1","100.0","10.5","7.3","359","5"
"Offices of optometrists","=""621320""","Line Item","146.3","0.1","100.0","158.3","0.1","100.0","12.0","8.2","360","5"
"Offices of mental health practitioners (except physicians)","=""621330""","Line Item","144.7","0.1","100.0","170.5","0.1","100.0","25.8","17.8","361","5"
"Offices of physical, occupational and speech therapists, and audiologists","=""621340""","Line Item","419.4","0.3","100.0","545.6","0.3","100.0","126.2","30.1","362","5"
"Offices of all other health practitioners","=""621390""","Line Item","157.9","0.1","100.0","188.8","0.1","100.0","30.9","19.6","363","5"
"Outpatient care centers","=""621400""","Summary","996.6","0.6","100.0","1,177.8","0.7","100.0","181.2","18.2","364","4"
"Outpatient mental health and substance abuse centers","=""621420""","Line Item","262.7","0.2","100.0","309.8","0.2","100.0","47.1","17.9","365","5"
"Medical and diagnostic laboratories","=""621500""","Line Item","305.9","0.2","100.0","343.3","0.2","100.0","37.4","12.2","367","4"
"Home healthcare services","=""621600""","Line Item","1,514.3","1.0","100.0","1,844.4","1.1","100.0","330.1","21.8","368","4"
"Other ambulatory healthcare services","=""621900""","Summary","312.0","0.2","100.0","352.8","0.2","100.0","40.8","13.1","369","4"
"Ambulance services","=""621910""","Line Item","164.4","0.1","100.0","172.9","0.1","100.0","8.5","5.2","370","5"
"All other ambulatory healthcare services","=""621990""","Line Item","147.6","0.1","100.0","179.9","0.1","100.0","32.3","21.9","371","5"
"Hospitals; state, local, and private","=""622000""","Summary","6,208.7","3.9","100.0","6,533.1","3.9","100.0","324.4","5.2","372","3"
"General medical and surgical hospitals; state, local, and private","=""622100""","Summary","5,632.9","3.6","100.0","5,891.3","3.5","100.0","258.4","4.6","373","4"
"General medical and surgical hospitals; private","=""622105""","Line Item","4,703.4","3.0","100.0","4,951.9","3.0","100.0","248.5","5.3","374","5"
"General medical and surgical hospitals; state","=""622102""","Line Item","259.0","0.2","100.0","261.6","0.2","100.0","2.7","1.0","375","5"
"General medical and surgical hospitals; local","=""622103""","Line Item","670.6","0.4","100.0","677.8","0.4","100.0","7.2","1.1","376","5"
"Psychiatric and substance abuse hospitals; state, local, and private","=""622200""","Summary","267.3","0.2","100.0","290.0","0.2","100.0","22.7","8.5","377","4"
"Psychiatric and substance abuse hospitals; private","=""622205""","Line Item","149.9","0.1","100.0","181.4","0.1","100.0","31.5","21.0","378","5"
"Psychiatric and substance abuse hospitals; state","=""622202""","Line Item","114.2","0.1","100.0","105.6","0.1","100.0","-8.6","-7.6","379","5"
"Psychiatric and substance abuse hospitals; local","=""622203""","Line Item","3.2","0.0","100.0","2.9","0.0","100.0","-0.2","-7.5","380","5"
"Specialty (except psychiatric and substance abuse) hospitals; state, local, and private","=""622300""","Summary","308.5","0.2","100.0","351.8","0.2","100.0","43.3","14.0","381","4"
"Specialty (except psychiatric and substance abuse) hospitals; private","=""622305""","Line Item","272.7","0.2","100.0","315.5","0.2","100.0","42.8","15.7","382","5"
"Specialty (except psychiatric and substance abuse) hospitals; state","=""622302""","Line Item","35.0","0.0","100.0","35.6","0.0","100.0","0.5","1.5","383","5"
"Specialty (except psychiatric and substance abuse) hospitals; local","=""622303""","Line Item","0.8","0.0","100.0","0.7","0.0","100.0","-0.1","-8.8","384","5"
"Nursing and residential care facilities","=""623000""","Summary","3,022.8","1.9","100.0","3,158.7","1.9","100.0","135.9","4.5","385","3"
"Nursing care facilities (skilled nursing facilities)","=""623100""","Line Item","1,374.6","0.9","100.0","1,326.6","0.8","100.0","-48.0","-3.5","386","4"
"Residential intellectual and developmental disability, mental health, and substance abuse facilities","=""623200""","Summary","605.5","0.4","100.0","645.9","0.4","100.0","40.4","6.7","387","4"
"Residential intellectual and developmental disability facilities","=""623210""","Line Item","375.8","0.2","100.0","386.9","0.2","100.0","11.1","3.0","388","5"
"Residential mental health and substance abuse facilities","=""623220""","Line Item","229.7","0.1","100.0","259.0","0.2","100.0","29.3","12.8","389","5"
"Continuing care retirement communities and assisted living facilities for the elderly","=""623300""","Line Item","888.5","0.6","100.0","1,031.3","0.6","100.0","142.8","16.1","390","4"
"Other residential care facilities","=""623900""","Line Item","154.2","0.1","100.0","154.8","0.1","100.0","0.6","0.4","391","4"
"Social assistance","=""624000""","Summary","4,060.4","2.6","100.0","5,065.3","3.0","100.0","1,004.9","24.7","392","3"
"Individual and family services","=""624100""","Summary","2,708.4","1.7","100.0","3,558.4","2.1","100.0","850.0","31.4","393","4"
"Services for the elderly and persons with disabilities","=""624120""","Line Item","2,062.1","1.3","100.0","2,769.2","1.7","100.0","707.1","34.3","394","5"
"Community and vocational rehabilitation services","=""6242-3""","Summary","465.7","0.3","100.0","514.5","0.3","100.0","48.8","10.5","396","4"
"Community food and housing, and emergency and other relief services","=""624200""","Line Item","193.0","0.1","100.0","217.1","0.1","100.0","24.1","12.5","397","5"
"Vocational rehabilitation services","=""624300""","Line Item","272.7","0.2","100.0","297.4","0.2","100.0","24.7","9.1","398","5"
"Child day care services","=""624400""","Line Item","886.3","0.6","100.0","992.3","0.6","100.0","106.0","12.0","399","4"
"Arts, entertainment, and recreation","=""710000""","Summary","1,979.3","1.3","100.0","2,291.8","1.4","100.0","312.5","15.8","400","2"
"Performing arts, spectator sports, and related industries","=""711000""","Summary","381.0","0.2","100.0","508.3","0.3","100.0","127.3","33.4","401","3"
"Performing arts companies","=""711100""","Summary","81.9","0.1","100.0","110.4","0.1","100.0","28.5","34.8","402","4"
"Theater companies and dinner theaters","=""711110""","Line Item","39.0","0.0","100.0","57.8","0.0","100.0","18.7","47.9","403","5"
"Spectator sports","=""711200""","Line Item","119.4","0.1","100.0","155.9","0.1","100.0","36.5","30.5","405","4"
"Promoters of events, and agents and managers","=""7113-4""","Summary","129.6","0.1","100.0","180.4","0.1","100.0","50.8","39.2","406","4"
"Promoters of performing arts, sports, and similar events","=""711300""","Line Item","100.9","0.1","100.0","149.4","0.1","100.0","48.5","48.1","407","5"
"Agents and managers for artists, athletes, entertainers, and other public figures","=""711400""","Line Item","28.7","0.0","100.0","31.0","0.0","100.0","2.3","8.1","408","5"
"Independent artists, writers, and performers","=""711500""","Line Item","50.1","0.0","100.0","61.6","0.0","100.0","11.5","22.9","409","4"
"Museums, historical sites, and similar institutions","=""712000""","Line Item","138.8","0.1","100.0","166.4","0.1","100.0","27.6","19.9","410","3"
"Amusement, gambling, and recreation industries","=""713000""","Summary","1,459.5","0.9","100.0","1,617.1","1.0","100.0","157.6","10.8","411","3"
"Amusement parks and arcades","=""713100""","Line Item","161.3","0.1","100.0","221.8","0.1","100.0","60.5","37.5","412","4"
"Gambling industries (except casino hotels)","=""713200""","Line Item","97.4","0.1","100.0","92.2","0.1","100.0","-5.2","-5.3","413","4"
"Other amusement and recreation industries","=""713900""","Summary","1,200.8","0.8","100.0","1,303.1","0.8","100.0","102.3","8.5","414","4"
"Fitness and recreational sports centers","=""713940""","Line Item","513.4","0.3","100.0","570.7","0.3","100.0","57.3","11.2","415","5"
"Accommodation and food services","=""720000""","Summary","12,121.5","7.7","100.0","13,732.4","8.3","100.0","1,610.9","13.3","417","2"
"Accommodation","=""721000""","Summary","1,470.6","0.9","100.0","1,804.3","1.1","100.0","333.7","22.7","418","3"
"Traveler accommodation","=""721100""","Summary","1,392.2","0.9","100.0","1,722.0","1.0","100.0","329.8","23.7","419","4"
"Casino hotels","=""721120""","Line Item","193.0","0.1","100.0","267.8","0.2","100.0","74.8","38.7","420","5"
"RV (recreational vehicle) parks and recreational camps","=""721200""","Line Item","68.9","0.0","100.0","71.3","0.0","100.0","2.4","3.4","422","4"
"Rooming and boarding houses, dormitories, and workers' camps","=""721300""","Line Item","9.5","0.0","100.0","11.0","0.0","100.0","1.5","16.0","423","4"
"Food services and drinking places","=""722000""","Summary","10,650.9","6.7","100.0","11,928.2","7.2","100.0","1,277.3","12.0","424","3"
"Special food services","=""722300""","Line Item","506.1","0.3","100.0","564.2","0.3","100.0","58.1","11.5","425","4"
"Drinking places (alcoholic beverages)","=""722400""","Line Item","326.0","0.2","100.0","378.1","0.2","100.0","52.1","16.0","426","4"
"Restaurants and other eating places","=""722500""","Summary","9,818.8","6.2","100.0","10,985.9","6.6","100.0","1,167.1","11.9","427","4"
"Full-service restaurants","=""722511""","Line Item","4,598.3","2.9","100.0","5,403.5","3.2","100.0","805.2","17.5","428","5"
"Other services (except public administration)","=""810000""","Summary","6,114.2","3.9","100.0","6,641.4","4.0","100.0","527.2","8.6","430","2"
"Repair and maintenance","=""811000""","Summary","1,349.6","0.9","100.0","1,404.9","0.8","100.0","55.3","4.1","431","3"
"Automotive repair and maintenance","=""811100""","Summary","945.0","0.6","100.0","974.3","0.6","100.0","29.3","3.1","432","4"
"Automotive mechanical and electrical repair and maintenance","=""811110""","Line Item","406.8","0.3","100.0","416.0","0.2","100.0","9.2","2.3","433","5"
"Automotive body, paint, interior, and glass repair","=""811120""","Line Item","273.5","0.2","100.0","284.0","0.2","100.0","10.5","3.8","434","5"
"Other automotive repair and maintenance","=""811190""","Line Item","264.7","0.2","100.0","274.3","0.2","100.0","9.6","3.6","435","5"
"Electronic and precision equipment repair and maintenance","=""811200""","Line Item","106.2","0.1","100.0","110.4","0.1","100.0","4.2","3.9","436","4"
"Commercial and industrial machinery and equipment (except automotive and electronic) repair and maintenance","=""811300""","Line Item","217.9","0.1","100.0","236.0","0.1","100.0","18.1","8.3","437","4"
"Personal and household goods repair and maintenance","=""811400""","Line Item","80.5","0.1","100.0","84.2","0.1","100.0","3.7","4.6","438","4"
"Personal and laundry services","=""812000""","Summary","1,354.6","0.9","100.0","1,583.6","1.0","100.0","229.0","16.9","439","3"
"Personal care services","=""812100""","Line Item","671.8","0.4","100.0","791.9","0.5","100.0","120.1","17.9","440","4"
"Death care services","=""812200""","Line Item","134.0","0.1","100.0","140.2","0.1","100.0","6.2","4.6","441","4"
"Drycleaning and laundry services","=""812300""","Line Item","235.1","0.1","100.0","250.6","0.2","100.0","15.5","6.6","442","4"
"Other personal services","=""812900""","Line Item","313.7","0.2","100.0","400.9","0.2","100.0","87.2","27.8","443","4"
"Religious, grantmaking, civic, professional, and similar organizations","=""813000""","Summary","2,751.5","1.7","100.0","2,886.8","1.7","100.0","135.3","4.9","444","3"
"Grantmaking and giving services and social advocacy organizations","=""8132-3""","Summary","425.4","0.3","100.0","456.1","0.3","100.0","30.7","7.2","446","4"
"Grantmaking and giving services","=""813200""","Line Item","181.1","0.1","100.0","192.7","0.1","100.0","11.6","6.4","447","5"
"Social advocacy organizations","=""813300""","Line Item","244.3","0.2","100.0","263.4","0.2","100.0","19.1","7.8","448","5"
"Civic, social, professional, and similar organizations","=""8134-9""","Summary","725.3","0.5","100.0","816.9","0.5","100.0","91.6","12.6","449","4"
"Civic and social organizations","=""813400""","Line Item","279.0","0.2","100.0","368.7","0.2","100.0","89.7","32.1","450","5"
"Business, professional, labor, political, and similar organizations","=""813900""","Summary","446.3","0.3","100.0","448.2","0.3","100.0","1.9","0.4","451","5"
"Labor unions and similar labor organizations","=""813930""","Line Item","99.7","0.1","100.0","96.0","0.1","100.0","-3.7","-3.7","452","6"
"Private households","=""814000""","Line Item","658.5","0.4","100.0","766.1","0.5","100.0","107.6","16.3","454","3"
"Government","=""900000""","Summary","10,802.0","6.8","100.0","10,639.6","6.4","100.0","-162.4","-1.5","455","2"
"Federal government","=""910000""","Summary","2,885.7","1.8","100.0","2,780.7","1.7","100.0","-105.0","-3.6","456","3"
"Postal service","=""491000""","Line Item","606.0","0.4","100.0","571.0","0.3","100.0","-35.0","-5.8","457","4"
"Federal government, excluding postal service","=""999100""","Line Item","2,279.7","1.4","100.0","2,209.6","1.3","100.0","-70.1","-3.1","458","4"
"State government, excluding education and hospitals","=""999200""","Line Item","2,264.8","1.4","100.0","2,129.8","1.3","100.0","-135.0","-6.0","459","3"
"Local government, excluding education and hospitals","=""999300""","Line Item","5,651.5","3.6","100.0","5,729.2","3.4","100.0","77.7","1.4","460","3"
