"","SkillsID","Data_Analysis","R","API","Modeling","Visualizations","ML","LogReg","ETL","Pred_Analysis","Statistics","Economics","Math","Prob_Solving","Communications","Dec_Making","Creativity","Crit_Thinking"
"1",0,"1","0","0","1","1","1","0","0","0","0","0","1","0","1","0","0","0"
"2",1,"0","0","0","1","1","1","0","0","1","1","0","1","0","1","0","0","0"
"3",2,"1","1","0","1","1","1","0","0","0","1","0","1","0","1","0","0","0"
"4",3,"1","0","0","1","0","1","0","0","0","1","0","1","0","0","0","0","0"
"5",4,"1","1","0","1","0","1","0","0","0","1","1","1","0","1","0","0","0"
"6",5,"1","0","0","1","1","1","0","0","0","1","0","0","1","1","0","0","0"
"7",6,"0","0","0","1","1","0","0","0","0","1","0","1","1","0","0","0","1"
"8",7,"0","0","0","1","0","1","0","0","0","1","0","1","0","1","0","0","0"
"9",8,"0","0","0","1","0","0","0","0","0","0","0","0","1","0","0","0","0"
"10",9,"1","0","0","1","0","1","0","0","1","1","0","0","0","1","0","0","0"
"11",10,"1","1","0","0","0","1","1","0","0","1","1","0","0","0","0","0","0"
"12",11,"1","0","0","1","0","1","0","0","0","1","0","1","0","1","0","0","0"
"13",12,"1","0","0","1","0","0","0","0","0","1","0","0","0","1","0","0","0"
"14",13,"1","1","0","0","0","0","0","1","0","1","0","0","1","0","0","1","0"
"15",14,"1","0","0","0","0","1","0","0","0","0","0","0","0","1","0","0","0"
"16",15,"0","0","0","1","0","0","0","0","0","0","0","0","0","1","0","0","0"
"17",16,"0","0","0","0","0","0","0","0","0","0","0","0","0","1","0","0","0"
"18",17,"0","0","0","1","1","1","0","0","0","1","0","1","0","1","0","0","0"
"19",18,"0","0","1","1","0","1","0","0","0","1","1","1","0","1","0","1","0"
"20",19,"0","0","1","1","0","1","0","0","0","0","0","0","0","1","1","0","0"
"21",20,"1","0","0","1","0","1","0","0","0","1","1","1","0","1","0","0","0"
"22",21,"0","0","0","1","0","1","0","0","1","1","1","1","1","1","0","1","0"
"23",22,"1","1","0","1","1","1","1","0","0","1","1","0","1","1","0","0","0"
"24",23,"1","0","0","1","1","0","0","0","0","1","0","1","0","1","0","1","1"
"25",25,"0","0","0","0","0","1","0","0","0","1","0","0","1","1","0","1","0"
"26",26,"1","1","0","0","0","1","0","0","0","0","0","0","0","1","0","0","0"
"27",27,"0","0","0","1","1","1","0","0","0","1","0","1","0","1","0","0","0"
"28",28,"1","0","0","1","0","0","0","0","0","0","0","0","0","1","0","0","0"
"29",29,"0","0","0","0","1","0","0","0","0","0","0","0","0","1","0","0","0"
"30",32,"0","0","0","1","0","1","0","0","0","1","0","0","0","1","0","0","0"
"31",33,"1","0","0","1","1","1","0","0","0","1","0","1","0","1","1","0","0"
"32",34,"0","0","1","1","0","1","0","0","0","0","0","0","0","1","0","0","0"
"33",35,"0","0","0","1","1","0","0","0","0","0","0","0","0","1","0","0","0"
"34",36,"1","0","0","1","1","0","0","0","0","1","1","1","0","1","0","0","0"
"35",37,"0","0","0","1","1","1","0","0","1","1","0","1","0","1","0","0","0"
"36",38,"0","0","0","1","0","1","0","0","0","1","0","1","0","1","0","0","0"
"37",39,"1","0","0","1","0","1","0","0","0","1","0","0","0","1","0","0","0"
"38",40,"0","1","1","1","0","0","0","1","0","1","0","1","0","1","0","0","0"
"39",41,"1","0","0","1","1","0","0","0","0","0","0","0","0","1","0","0","0"
"40",43,"0","0","0","0","0","0","0","0","0","0","0","0","0","1","0","0","0"
"41",44,"0","0","0","1","0","1","0","0","0","1","1","0","0","1","0","1","0"
"42",45,"0","0","0","0","0","0","0","0","0","1","0","0","0","0","0","0","0"
"43",46,"1","0","0","1","1","1","0","0","0","1","1","1","1","1","0","1","0"
"44",48,"1","0","0","1","0","0","0","0","0","1","0","1","0","1","0","0","0"
"45",49,"0","0","0","0","1","1","0","0","0","1","1","0","0","1","0","0","0"
"46",50,"1","0","0","0","0","0","0","0","0","0","0","0","0","1","0","0","0"
"47",51,"0","0","0","0","0","0","0","0","0","0","0","1","0","1","0","0","0"
"48",52,"1","1","0","0","1","0","0","1","0","1","1","1","0","1","0","0","0"
"49",54,"1","0","0","1","1","1","0","0","0","1","0","0","0","0","0","0","0"
"50",55,"0","1","0","1","0","1","0","0","0","1","1","0","1","0","1","0","0"
"51",56,"0","0","0","0","1","0","0","0","0","0","0","1","0","1","0","0","0"
"52",57,"0","0","0","0","0","1","0","0","0","1","1","1","1","1","0","0","0"
"53",58,"1","1","0","1","1","0","0","0","0","1","0","0","0","0","0","0","0"
"54",59,"1","0","0","1","0","1","0","0","0","1","0","0","0","1","0","0","0"
"55",60,"1","0","0","1","0","1","0","0","0","1","0","0","0","1","0","0","0"
"56",61,"1","1","1","1","0","1","1","0","0","1","0","1","0","1","0","1","0"
"57",65,"1","0","0","1","1","1","0","1","1","1","0","1","0","1","0","0","0"
"58",66,"0","1","0","1","0","1","0","0","0","1","0","0","0","0","0","0","0"
"59",67,"1","0","0","1","0","1","0","0","0","1","1","0","0","1","0","0","0"
"60",68,"0","0","0","1","0","1","0","0","0","0","0","1","0","1","0","0","0"
"61",70,"0","1","0","1","1","1","0","0","0","1","1","1","0","1","0","0","0"
"62",72,"1","1","0","0","0","0","0","0","0","1","0","1","0","1","0","0","0"
"63",73,"1","0","0","1","0","1","0","1","0","0","0","0","0","1","0","0","0"
"64",75,"0","0","0","1","0","1","0","1","0","1","1","1","1","1","1","0","0"
"65",76,"1","0","0","1","1","1","0","0","0","1","0","0","0","0","0","0","0"
"66",77,"0","0","0","1","1","0","0","0","0","1","1","1","1","1","0","0","0"
"67",78,"1","0","0","0","1","0","0","0","0","1","0","1","0","0","0","0","1"
"68",79,"0","0","0","0","0","1","1","0","0","1","1","1","0","1","0","0","0"
"69",80,"0","0","0","0","0","0","0","0","0","0","0","0","0","0","0","0","0"
"70",81,"0","0","1","1","0","1","0","1","0","1","0","0","0","0","0","0","0"
"71",82,"1","0","0","1","0","1","0","0","0","1","0","0","0","0","0","0","0"
"72",83,"0","0","0","1","1","1","0","0","0","1","0","1","0","1","0","0","0"
"73",84,"0","1","0","1","0","1","0","0","0","0","0","0","0","1","0","0","0"
"74",85,"1","1","0","1","0","1","0","0","0","1","1","1","0","1","0","0","0"
"75",86,"1","0","0","1","0","1","0","0","0","1","0","1","0","1","0","0","0"
"76",87,"0","1","0","1","0","1","0","0","0","0","0","0","0","1","0","0","0"
"77",88,"1","0","0","1","0","1","0","1","0","1","1","1","0","0","0","0","0"
"78",89,"1","0","0","0","0","0","0","0","0","1","0","0","0","1","0","0","0"
"79",90,"1","0","0","0","0","1","0","0","0","1","0","1","0","1","0","0","0"
"80",91,"1","0","0","1","0","1","0","0","0","0","0","0","0","1","0","1","0"
"81",92,"0","0","0","1","0","0","0","0","0","0","0","0","0","1","0","0","0"
"82",93,"1","0","0","0","0","0","0","0","0","1","0","0","0","0","0","0","0"
"83",96,"0","1","0","1","1","1","0","0","0","1","0","0","0","0","0","0","0"
"84",97,"1","1","0","1","0","0","0","0","0","0","0","0","0","1","0","0","0"
"85",99,"1","0","0","1","1","0","0","0","0","0","0","0","0","0","0","0","0"
"86",101,"0","0","0","0","0","0","0","0","0","1","0","0","0","1","0","0","0"
"87",102,"0","0","0","1","1","1","0","0","0","1","0","0","0","0","0","0","0"
"88",104,"1","0","0","1","0","0","0","0","0","0","0","0","0","0","0","0","0"
"89",105,"1","0","0","0","1","0","0","0","0","1","0","0","0","0","0","0","0"
"90",106,"0","0","0","0","0","0","0","0","0","0","0","0","0","1","0","0","0"
"91",107,"1","0","0","0","1","0","0","0","0","0","0","0","0","1","0","0","0"
"92",108,"1","0","0","0","1","0","0","0","0","1","0","1","0","1","0","0","0"
"93",109,"1","0","0","0","0","0","0","1","0","0","0","0","0","1","0","0","0"
"94",110,"0","0","0","1","1","0","0","0","0","0","0","0","0","1","0","0","0"
"95",112,"0","0","0","1","0","1","1","0","0","1","1","1","0","1","1","0","0"
"96",113,"1","1","0","1","0","0","0","0","0","1","0","1","0","0","0","0","1"
"97",116,"1","0","0","1","0","1","1","0","0","0","1","0","0","1","0","0","0"
"98",117,"0","1","0","1","0","1","0","0","1","1","0","1","0","0","0","1","0"
"99",118,"0","0","0","1","0","0","0","1","1","1","0","0","0","1","0","0","0"
"100",119,"0","1","0","1","1","1","1","1","0","1","0","1","0","0","0","0","1"
"101",120,"0","0","0","1","1","0","0","0","0","0","0","0","0","0","0","0","0"
"102",122,"0","0","0","1","0","0","0","0","0","0","0","0","0","1","0","0","0"
"103",123,"0","0","0","0","0","0","0","0","0","0","0","0","0","1","0","0","0"
"104",124,"1","0","1","1","1","1","0","0","0","1","0","0","0","0","0","0","0"
"105",125,"1","0","0","1","0","0","0","1","0","0","0","0","0","1","0","0","0"
"106",128,"0","0","0","0","0","1","0","0","0","1","0","1","0","1","0","0","0"
"107",129,"1","0","0","1","0","0","0","1","0","1","0","1","0","1","0","0","0"
"108",130,"0","0","0","0","0","0","0","0","0","0","0","0","0","0","0","0","0"
"109",131,"1","0","0","1","0","1","0","0","0","1","0","0","0","0","0","0","1"
"110",132,"1","0","0","0","1","0","0","0","0","0","0","0","0","0","0","0","0"
"111",136,"1","1","0","1","1","1","1","0","1","1","0","0","0","1","0","0","0"
"112",137,"0","0","1","0","0","0","0","1","0","0","0","0","0","0","0","0","0"
"113",138,"0","0","0","1","1","1","0","0","1","1","0","1","0","0","0","0","0"
"114",139,"1","1","0","1","0","0","0","0","0","1","0","0","0","1","0","0","0"
"115",140,"0","0","1","1","0","1","0","0","0","0","0","0","0","0","0","0","0"
"116",141,"0","0","0","1","0","1","0","0","0","1","0","1","0","1","0","1","0"
"117",142,"1","0","0","0","1","0","0","0","0","0","0","0","1","1","0","0","0"
"118",143,"0","0","0","0","0","0","0","0","0","0","0","0","0","1","0","0","0"
"119",145,"1","0","0","1","0","1","0","0","0","1","0","1","1","1","0","0","0"
"120",146,"1","0","1","1","1","0","0","1","0","1","1","1","1","1","0","0","0"
"121",147,"1","0","1","1","1","1","0","0","1","1","1","0","0","1","0","0","0"
"122",148,"0","1","0","1","1","1","0","0","0","1","0","0","0","1","0","1","1"
"123",150,"0","0","0","0","0","1","0","0","0","1","0","0","1","1","0","1","0"
"124",152,"1","0","0","1","1","1","0","0","1","1","0","0","1","1","0","0","1"
"125",153,"0","0","0","0","0","0","0","0","0","0","0","1","0","1","0","0","1"
"126",154,"0","0","1","0","0","0","0","0","0","0","0","0","1","1","0","0","0"
"127",156,"0","0","0","0","0","1","0","0","0","1","0","0","1","1","0","0","0"
"128",157,"0","1","0","1","0","1","0","0","0","1","1","1","0","0","0","0","0"
"129",161,"0","0","0","0","0","0","0","1","0","0","0","0","0","0","0","0","0"
"130",162,"0","0","0","1","0","1","0","0","0","0","0","0","1","0","0","1","0"
"131",164,"0","0","0","1","1","1","0","0","0","1","0","0","0","1","0","0","0"
"132",166,"1","0","0","0","0","0","0","1","0","0","0","0","0","1","0","0","0"
"133",167,"1","0","0","1","1","0","0","0","0","1","1","0","0","1","0","0","0"
"134",168,"0","0","0","0","0","0","0","0","0","0","0","0","1","1","0","0","0"
"135",169,"1","0","0","0","0","0","0","0","0","1","0","0","0","1","0","0","0"
"136",170,"0","0","1","0","1","1","0","0","0","1","0","1","0","0","0","0","0"
"137",172,"1","1","1","1","1","1","0","0","0","1","0","0","0","1","0","0","1"
"138",174,"1","0","1","1","1","0","0","0","0","0","0","1","0","1","0","0","1"
"139",175,"1","0","0","1","0","1","0","0","0","1","0","1","0","0","0","0","0"
"140",177,"1","1","0","1","1","0","0","0","0","1","0","1","0","1","0","0","0"
"141",178,"0","0","1","1","0","1","0","0","0","0","0","0","0","0","0","0","0"
"142",179,"0","0","0","0","0","0","0","1","0","0","0","0","1","0","0","0","0"
"143",180,"0","1","0","0","1","1","0","0","0","0","0","0","0","0","0","0","0"
"144",181,"1","1","1","1","1","1","0","0","0","1","0","1","0","1","0","0","0"
"145",182,"1","0","0","1","0","1","0","0","0","1","1","1","1","1","0","0","0"
"146",183,"1","0","0","1","0","1","0","0","0","1","0","1","0","1","0","0","0"
"147",185,"0","0","0","0","0","0","0","0","0","0","0","0","0","1","1","0","0"
"148",187,"0","1","0","1","1","1","0","0","0","1","0","1","0","1","0","0","0"
"149",188,"0","0","1","1","0","1","1","0","0","0","0","0","0","0","0","0","0"
"150",192,"1","0","0","1","0","1","0","1","0","0","0","0","0","1","0","0","0"
"151",193,"1","0","0","1","0","0","0","0","0","1","0","0","0","1","0","0","0"
"152",194,"1","0","0","0","1","0","0","0","1","1","1","1","0","1","0","0","0"
"153",197,"0","0","0","0","0","0","0","0","0","0","0","0","0","0","0","0","0"
"154",198,"1","0","0","1","0","0","0","1","0","0","0","0","0","1","0","0","0"
"155",199,"1","0","0","0","0","0","0","0","0","0","0","0","0","1","0","0","0"
"156",200,"0","0","0","1","0","1","0","0","0","1","0","1","0","1","1","0","0"
"157",201,"0","0","0","1","0","0","0","0","0","1","1","1","0","0","0","0","0"
"158",202,"0","0","1","1","1","1","0","0","0","1","0","0","0","1","0","1","1"
"159",203,"1","0","0","1","0","0","0","0","0","0","1","1","1","1","0","0","0"
"160",204,"1","1","0","0","0","1","0","0","0","1","0","0","0","1","0","0","0"
"161",205,"1","0","0","1","1","1","0","0","0","1","1","0","1","1","0","0","0"
"162",206,"0","0","0","0","0","0","0","0","0","0","0","0","1","1","0","0","0"
"163",207,"0","1","0","1","0","0","0","0","0","1","1","1","0","1","0","0","0"
"164",208,"0","0","0","1","1","1","0","0","0","1","1","1","0","0","1","0","0"
"165",209,"0","0","0","0","0","0","0","0","0","0","0","0","0","1","0","1","0"
"166",210,"0","0","0","1","0","0","0","0","0","0","0","0","0","0","0","0","0"
"167",211,"0","0","0","1","1","0","0","0","0","1","0","1","0","1","0","0","0"
"168",212,"1","0","0","1","0","0","0","0","0","1","0","1","0","1","0","0","0"
"169",213,"0","0","0","1","0","1","0","0","0","1","0","1","0","1","0","0","0"
"170",215,"1","0","0","1","1","1","0","0","0","1","0","1","0","1","0","0","0"
"171",216,"0","1","0","1","0","1","0","0","0","0","0","0","0","0","0","0","0"
"172",217,"1","0","0","1","0","0","0","0","0","0","0","1","0","1","0","0","0"
"173",221,"1","1","0","1","0","1","0","0","0","1","1","1","0","1","0","0","0"
"174",223,"1","0","0","0","0","0","0","0","0","1","0","0","0","1","0","0","0"
"175",224,"0","0","0","1","0","1","0","0","0","1","0","1","0","1","0","0","0"
"176",225,"0","0","0","1","0","1","0","0","0","0","0","0","0","0","0","0","0"
"177",226,"0","0","0","0","0","0","0","0","0","0","0","0","0","1","0","0","0"
"178",228,"0","0","0","0","0","0","0","0","0","0","0","0","0","0","0","0","0"
"179",229,"1","0","0","1","1","0","0","0","0","1","0","1","1","0","0","0","0"
"180",230,"1","0","0","1","0","0","0","0","0","0","0","0","0","1","0","0","0"
"181",233,"0","0","0","1","0","1","0","0","0","0","0","0","0","0","0","0","0"
"182",234,"0","0","0","0","0","0","0","0","0","0","0","0","0","0","0","0","0"
"183",235,"0","0","1","1","0","1","0","1","0","0","0","0","0","0","0","0","0"
"184",239,"1","0","0","1","1","0","0","0","0","1","1","1","0","1","0","0","0"
"185",240,"0","0","0","0","0","0","0","0","0","0","0","0","0","1","0","0","0"
"186",242,"0","0","0","0","0","0","0","0","0","0","0","0","0","1","0","0","0"
"187",243,"1","0","0","0","0","1","0","0","0","1","0","0","0","1","0","1","0"
"188",245,"1","0","0","0","0","0","0","0","0","0","0","0","0","1","0","0","0"
"189",246,"0","0","1","0","0","0","0","1","0","0","0","0","0","1","0","0","0"
"190",247,"0","0","0","0","0","0","0","0","0","0","0","0","0","1","0","1","0"
"191",248,"0","0","0","0","0","0","0","0","0","0","0","1","0","1","0","1","0"
"192",250,"0","0","0","0","0","0","0","0","0","0","0","0","0","1","0","0","0"
"193",251,"0","0","0","0","0","0","1","0","0","0","0","0","0","0","0","0","0"
"194",254,"1","0","0","1","1","1","0","1","0","1","1","1","0","0","0","1","1"
"195",255,"0","0","0","1","0","0","0","0","0","1","1","1","1","0","0","0","0"
"196",256,"1","0","0","1","1","0","0","0","0","1","0","1","0","1","0","0","1"
"197",257,"0","0","0","0","0","0","0","0","0","0","0","1","0","1","0","0","0"
"198",258,"1","0","0","1","1","1","1","0","0","1","0","1","0","0","0","0","0"
"199",263,"0","1","0","1","1","0","0","0","0","1","0","1","0","0","0","0","0"
"200",264,"1","0","0","0","1","0","0","0","0","1","1","1","0","1","0","1","0"
"201",265,"1","0","0","1","1","1","0","0","0","1","0","0","0","1","0","0","0"
"202",266,"1","0","0","1","0","0","0","1","0","0","0","0","1","0","0","0","0"
"203",270,"0","0","0","0","0","0","0","0","0","1","1","1","0","1","0","0","0"
"204",274,"1","1","0","1","1","1","0","0","0","1","0","1","0","0","0","0","0"
"205",275,"1","0","1","1","0","0","0","0","0","1","0","1","0","1","0","1","0"
"206",278,"0","0","0","0","0","0","0","0","0","0","0","0","0","1","0","0","0"
"207",281,"1","0","0","1","1","1","0","0","0","1","1","0","0","1","1","1","0"
"208",288,"1","1","0","1","1","1","0","0","0","1","0","1","0","1","0","0","0"
"209",290,"1","0","0","1","0","1","0","1","0","0","0","1","0","1","0","0","0"
"210",291,"0","0","0","1","0","1","0","0","0","0","0","0","0","0","0","0","0"
"211",293,"0","0","0","0","1","0","0","0","0","1","1","1","1","0","0","0","0"
"212",295,"1","0","0","0","0","0","0","0","0","1","0","1","0","1","0","0","1"
"213",296,"1","1","0","1","0","0","0","0","0","1","0","1","0","1","0","0","0"
"214",299,"1","0","0","1","0","1","0","0","0","1","0","1","0","1","0","0","0"
"215",302,"0","1","0","1","0","0","0","0","0","1","1","0","1","1","0","0","0"
"216",305,"1","0","0","1","0","0","0","0","0","1","1","1","0","1","0","0","0"
"217",306,"0","0","0","0","0","0","0","0","0","0","0","0","0","1","0","0","0"
"218",308,"1","0","0","0","0","0","0","0","0","1","0","0","0","1","0","0","1"
"219",309,"1","0","0","1","1","0","0","1","0","0","0","0","0","1","0","0","0"
"220",310,"0","0","0","1","0","0","0","0","1","1","0","1","1","1","0","0","0"
"221",312,"1","0","0","1","1","0","1","1","1","1","0","0","0","0","0","0","0"
"222",318,"0","0","0","1","0","1","0","1","0","1","0","1","0","1","0","0","0"
"223",320,"1","0","0","1","1","1","0","0","0","1","1","1","0","1","0","0","0"
"224",326,"1","0","0","0","0","0","0","0","0","0","0","1","0","1","0","0","0"
"225",328,"0","0","0","0","1","0","0","0","0","1","0","0","0","0","0","0","0"
"226",330,"0","1","0","1","1","0","0","0","0","1","0","1","0","0","0","0","0"
"227",332,"1","0","0","1","0","0","0","0","0","0","0","1","0","0","0","0","1"
"228",334,"0","0","0","1","0","1","0","0","0","0","0","0","0","1","0","0","0"
"229",341,"0","1","0","1","1","1","0","0","0","1","0","0","1","1","0","0","0"
"230",342,"1","0","0","1","0","0","0","0","0","1","0","0","0","1","0","0","1"
"231",347,"1","0","0","1","0","1","0","0","0","1","0","0","0","0","0","0","0"
"232",350,"0","0","0","1","1","1","0","0","0","1","0","1","0","1","0","0","0"
"233",352,"0","0","0","0","1","0","0","1","0","0","0","0","0","1","0","0","0"
"234",353,"1","0","0","1","1","1","0","0","1","1","0","1","1","1","0","0","0"
"235",356,"1","1","0","1","1","1","0","0","0","1","1","0","0","1","0","0","0"
"236",357,"1","0","0","0","1","0","0","0","0","0","0","0","0","0","0","0","0"
"237",358,"0","0","0","0","0","1","0","0","0","1","1","1","1","1","0","0","0"
"238",362,"1","0","0","1","0","0","0","0","0","0","0","1","0","1","0","0","0"
"239",364,"0","0","0","0","0","0","0","0","0","1","0","0","0","1","0","0","0"
"240",367,"1","0","0","0","0","0","0","0","0","0","0","0","1","1","0","0","0"
"241",368,"1","0","0","1","0","0","0","1","0","1","0","1","0","1","0","0","0"
"242",370,"1","0","0","0","1","0","0","0","0","1","0","0","0","1","0","0","0"
"243",371,"1","0","0","0","0","0","0","1","0","0","0","0","0","1","0","0","1"
"244",372,"0","0","0","0","0","0","0","0","1","0","0","0","0","0","0","0","0"
"245",375,"0","0","0","1","0","0","0","0","0","0","0","0","0","0","0","0","0"
"246",376,"0","0","0","0","0","0","0","0","0","0","0","0","0","0","0","0","0"
"247",377,"1","1","0","1","0","0","0","1","0","0","0","0","0","1","0","0","0"
"248",379,"0","0","0","0","1","1","0","0","1","0","0","0","0","0","0","0","0"
"249",382,"1","0","0","1","0","0","0","0","0","1","0","1","0","1","0","1","0"
"250",384,"0","0","0","1","0","0","0","0","1","0","1","1","0","0","0","0","0"
"251",387,"0","0","0","1","0","1","0","0","0","1","0","1","0","1","0","0","0"
"252",388,"0","0","0","0","0","0","0","0","0","0","0","0","0","1","0","0","0"
"253",391,"0","0","1","0","0","0","0","0","0","1","0","0","0","1","0","0","0"
"254",396,"0","0","0","1","0","1","0","0","0","1","1","0","0","0","0","0","0"
"255",397,"0","0","0","0","0","0","0","0","0","0","0","0","1","0","0","0","0"
"256",399,"1","0","0","0","1","1","0","1","1","0","0","1","0","0","0","0","1"
"257",400,"1","0","0","0","0","0","0","0","0","0","0","0","0","0","0","0","0"
"258",401,"1","0","0","1","0","0","0","1","0","0","0","0","0","1","0","0","0"
"259",403,"1","1","0","1","1","1","0","0","0","1","0","0","0","1","0","0","0"
"260",406,"1","0","0","0","0","0","0","0","0","1","0","1","0","1","0","0","0"
"261",407,"1","0","0","0","1","0","0","0","0","0","0","0","0","0","1","0","0"
"262",410,"1","0","0","1","0","0","0","0","0","1","1","1","0","1","0","0","1"
"263",411,"0","0","0","1","0","1","0","0","0","0","0","1","0","1","0","0","0"
"264",415,"1","0","0","1","1","1","0","0","0","1","0","1","0","1","0","0","0"
"265",417,"0","0","0","0","0","0","0","0","0","0","0","0","0","0","0","1","0"
"266",419,"1","0","0","0","0","0","0","0","0","0","1","1","0","1","1","0","0"
"267",420,"0","0","0","0","0","0","0","0","0","0","0","0","0","1","0","0","0"
"268",421,"0","0","0","1","0","1","0","1","0","1","0","1","1","1","0","0","0"
"269",426,"1","0","0","1","0","0","0","0","0","1","0","0","0","1","0","0","0"
"270",428,"1","0","0","1","0","1","0","0","0","0","0","0","0","1","0","0","0"
"271",430,"0","0","0","0","0","0","0","1","0","0","0","0","0","1","0","0","1"
"272",431,"0","0","0","0","0","0","0","0","0","0","0","1","1","1","0","0","0"
"273",433,"0","0","0","0","0","1","0","0","0","0","0","0","0","0","0","0","0"
"274",435,"0","1","0","1","1","1","0","0","0","1","0","0","0","1","0","1","1"
"275",437,"0","0","0","0","0","0","0","0","0","1","0","0","0","0","0","0","0"
"276",446,"0","1","0","1","0","1","0","0","0","1","0","1","1","1","0","0","0"
"277",447,"0","0","0","0","0","0","0","1","0","0","0","0","0","1","0","0","0"
"278",449,"1","0","0","0","1","0","0","1","0","0","0","1","0","0","0","0","0"
"279",450,"0","0","0","0","0","0","0","0","0","0","0","0","0","0","0","0","0"
"280",452,"1","0","0","1","0","0","0","0","1","1","1","1","0","1","1","0","0"
"281",454,"0","0","0","1","0","0","0","0","0","0","0","0","0","0","0","0","1"
"282",458,"0","0","0","0","0","0","0","0","0","1","0","0","0","1","0","1","0"
"283",459,"0","0","0","1","0","0","0","0","0","1","0","1","0","0","0","0","0"
"284",461,"0","0","0","0","0","1","0","1","0","0","0","0","0","0","0","0","0"
"285",462,"1","1","0","1","0","1","1","0","0","1","0","0","0","1","0","0","0"
"286",463,"0","0","0","1","0","0","0","0","1","0","0","0","0","1","0","0","0"
"287",464,"0","0","0","0","0","0","0","0","0","0","0","0","0","1","0","0","0"
"288",466,"0","0","0","0","0","0","0","0","0","0","0","0","1","1","0","1","1"
"289",467,"1","0","0","0","0","0","0","0","0","0","0","0","0","1","0","0","0"
"290",468,"0","0","0","1","1","0","0","0","0","0","0","1","0","0","0","0","0"
"291",469,"0","0","0","0","0","0","0","0","0","0","0","0","0","1","0","0","0"
"292",470,"0","0","0","0","0","0","0","0","0","0","0","0","0","1","0","0","0"
"293",471,"1","0","0","1","1","0","0","0","0","0","0","0","1","1","0","0","0"
"294",472,"0","0","0","0","0","0","0","0","0","0","0","0","0","0","0","0","0"
"295",473,"1","0","0","1","0","1","0","0","0","1","0","1","0","1","0","0","0"
"296",479,"1","0","1","0","0","0","0","1","0","0","1","1","0","1","0","0","0"
"297",482,"0","0","0","0","0","0","0","0","0","0","0","0","0","1","0","0","0"
"298",483,"1","0","0","1","0","0","0","0","0","0","0","1","0","1","0","0","0"
"299",485,"0","1","0","1","0","1","0","0","0","1","0","1","0","1","0","0","0"
"300",486,"1","0","0","0","0","0","0","0","0","1","1","1","0","0","0","0","0"
"301",487,"0","0","0","0","0","0","0","0","0","0","0","0","0","0","0","0","0"
"302",488,"1","1","0","0","1","0","0","0","0","1","0","1","0","1","0","0","0"
"303",489,"0","0","0","1","0","0","0","1","0","0","0","0","0","0","0","0","0"
"304",490,"0","0","0","0","0","0","0","0","0","0","0","0","0","1","0","0","1"
"305",491,"0","1","0","1","0","0","0","0","0","1","1","0","0","1","0","0","0"
"306",492,"1","0","0","1","0","0","0","1","0","0","0","0","0","1","0","0","0"
"307",493,"0","0","0","0","0","0","0","0","0","1","0","0","0","1","0","0","0"
"308",494,"0","0","0","0","0","0","0","0","0","1","0","1","0","0","0","0","0"
"309",495,"0","0","0","1","1","0","0","0","0","0","0","0","0","1","0","0","0"
"310",496,"1","0","0","1","0","0","0","1","0","0","0","0","0","0","0","0","0"
"311",497,"0","0","0","1","0","1","0","1","0","0","1","0","0","1","0","0","0"
"312",498,"1","1","0","1","0","1","0","0","0","1","0","0","0","1","0","0","0"
"313",499,"1","1","0","1","0","0","0","0","0","1","0","1","0","1","0","0","0"
"314",500,"0","0","0","0","0","0","0","0","0","0","0","0","0","0","0","0","0"
"315",501,"0","0","0","0","0","0","0","0","0","0","0","0","0","0","0","1","0"
"316",505,"0","0","1","1","0","1","0","0","0","0","0","0","0","1","0","0","0"
"317",506,"0","1","0","1","1","1","0","0","0","1","1","0","0","1","0","0","0"
"318",507,"0","0","0","1","1","1","0","1","0","1","0","1","0","1","0","0","0"
"319",510,"0","0","0","1","0","0","0","1","0","0","0","0","1","1","0","0","0"
"320",512,"0","0","0","0","0","1","0","0","0","0","0","1","0","1","0","0","0"
"321",516,"1","0","0","0","1","0","0","0","0","0","0","1","0","1","0","0","0"
"322",517,"0","0","0","0","0","0","0","0","0","0","0","0","0","1","0","0","0"
"323",518,"0","0","0","1","0","0","0","0","0","0","0","0","0","0","0","0","0"
"324",519,"1","0","0","1","0","0","0","1","0","1","0","0","0","0","0","0","0"
"325",520,"0","0","0","0","0","0","0","0","0","0","0","0","0","0","0","0","0"
"326",521,"0","0","0","0","0","1","0","0","0","0","0","1","0","1","0","0","0"
"327",522,"0","0","0","0","0","0","0","0","0","0","0","0","0","0","0","0","0"
"328",523,"1","0","0","1","0","0","0","0","0","1","0","1","0","1","0","1","0"
"329",524,"0","1","0","1","0","0","0","0","1","1","0","0","0","1","1","0","0"
"330",525,"1","0","0","0","0","0","0","0","0","0","0","0","0","1","0","0","0"
"331",526,"0","1","0","0","0","1","0","0","0","1","0","0","0","1","0","0","0"
"332",528,"0","0","0","0","0","0","0","0","0","0","0","0","0","1","0","1","0"
"333",530,"1","0","0","0","0","0","1","0","0","0","0","0","0","1","0","0","0"
"334",532,"0","0","0","0","0","0","0","0","0","0","0","0","0","1","0","0","0"
"335",533,"0","0","0","0","1","0","0","0","0","1","0","1","0","1","0","0","0"
"336",534,"1","1","0","0","0","0","0","0","0","0","0","0","0","1","0","0","0"
"337",535,"0","0","1","1","0","1","0","0","0","0","0","0","0","0","0","0","0"
"338",537,"1","0","1","0","0","1","0","0","0","0","0","0","0","1","0","0","0"
"339",538,"0","0","0","1","0","1","0","0","0","0","0","0","0","0","0","1","0"
"340",539,"1","0","0","0","0","0","0","0","0","1","0","0","1","1","0","1","1"
"341",542,"1","0","0","1","0","0","0","0","0","1","0","1","0","0","0","0","0"
"342",546,"0","0","0","1","0","0","0","0","0","0","1","0","0","1","0","0","0"
"343",548,"1","0","0","1","0","1","1","0","0","1","0","0","0","1","0","0","0"
"344",549,"1","0","1","1","0","1","0","1","0","1","0","0","0","0","1","0","0"
"345",554,"0","0","0","1","0","1","0","0","0","1","0","1","0","1","0","0","0"
"346",555,"0","0","0","1","0","1","0","0","1","1","0","1","0","1","0","0","0"
"347",556,"0","0","0","1","0","1","1","0","0","0","0","0","0","1","0","0","0"
"348",557,"1","0","0","0","0","0","0","0","0","1","0","1","1","1","0","0","0"
"349",558,"0","0","0","1","1","1","0","0","0","1","0","1","0","0","0","0","0"
"350",560,"1","0","0","0","0","0","0","0","0","0","0","1","0","0","0","0","0"
"351",570,"0","0","0","0","0","0","0","0","0","1","0","1","0","1","0","0","0"
"352",575,"0","0","0","1","0","1","0","0","0","1","0","0","0","0","0","0","0"
"353",577,"1","0","1","0","0","1","0","1","0","1","0","0","0","1","0","0","0"
"354",578,"0","0","0","1","0","0","0","0","0","1","1","1","0","1","0","0","0"
"355",579,"0","0","0","1","0","0","0","0","0","1","0","0","0","1","0","0","0"
"356",580,"1","0","0","0","0","0","0","1","0","1","0","0","1","1","0","1","0"
"357",582,"1","0","0","0","0","1","1","0","0","1","1","1","0","1","0","0","0"
"358",583,"0","0","0","1","0","1","0","0","0","0","0","1","0","1","0","0","0"
"359",586,"0","1","0","0","0","1","0","0","0","1","0","0","0","0","0","0","0"
"360",587,"1","0","0","1","0","0","0","1","1","1","0","0","1","1","0","0","0"
"361",588,"0","1","0","1","0","0","0","0","0","1","0","1","0","1","0","0","0"
"362",589,"1","0","0","1","0","0","0","0","0","1","0","0","0","0","0","0","0"
"363",590,"1","0","0","1","0","1","1","0","1","1","1","1","0","1","0","0","0"
"364",591,"0","0","0","0","0","0","0","1","0","0","0","0","0","1","0","0","0"
"365",595,"0","0","0","1","1","1","0","0","0","1","0","1","0","1","0","0","0"
"366",597,"1","0","0","1","0","1","0","0","0","1","0","1","0","1","0","0","0"
"367",601,"0","0","0","1","0","0","0","0","0","0","0","0","1","1","0","0","0"
"368",606,"1","0","0","1","0","1","0","0","0","1","0","1","0","1","0","0","0"
"369",609,"1","0","0","1","1","0","0","0","0","0","0","0","0","1","0","0","0"
"370",616,"1","0","0","0","0","0","0","0","0","0","0","0","0","1","0","0","1"
"371",619,"1","0","0","1","1","1","0","0","0","1","1","1","0","0","0","0","0"
"372",622,"0","0","0","1","0","1","0","0","0","0","0","0","0","0","0","0","0"
"373",623,"0","1","0","1","0","1","0","0","0","1","0","1","1","1","0","0","0"
"374",624,"1","0","0","1","1","1","0","0","0","1","0","1","1","1","0","0","0"
"375",625,"0","0","0","0","1","0","0","0","0","1","0","1","0","1","0","0","0"
"376",631,"1","0","0","0","0","0","0","0","0","0","0","0","0","1","0","0","0"
"377",634,"1","0","0","1","1","1","0","0","0","1","0","1","0","1","0","0","0"
"378",635,"0","0","0","0","0","0","0","0","0","0","0","0","0","1","0","0","1"
"379",636,"1","0","0","0","1","0","0","1","0","1","1","0","0","1","0","1","0"
"380",638,"0","0","0","0","0","0","0","0","0","0","0","0","0","1","0","0","0"
"381",639,"1","0","0","1","1","0","0","0","0","1","0","1","0","1","0","0","0"
"382",643,"1","0","0","1","0","1","0","0","1","1","0","1","1","1","0","0","0"
"383",646,"0","0","0","1","1","1","1","0","0","1","0","1","0","0","0","0","0"
"384",648,"0","0","0","0","0","1","0","0","0","1","0","1","0","0","0","0","0"
"385",651,"0","1","0","1","0","1","0","0","0","1","0","0","1","1","0","0","0"
"386",653,"1","0","0","0","0","1","0","1","0","0","0","0","0","1","0","0","0"
"387",654,"0","0","0","0","0","0","0","1","0","1","0","1","0","1","0","0","0"
"388",655,"1","0","0","1","0","0","0","1","0","0","0","0","0","1","0","0","0"
"389",658,"0","0","0","0","0","0","0","0","0","0","0","0","0","1","1","0","0"
"390",660,"1","0","0","1","0","1","0","0","0","1","0","1","0","1","0","0","0"
"391",661,"1","0","0","1","1","0","0","1","0","1","1","1","0","1","0","0","0"
"392",662,"1","0","0","1","0","0","0","0","0","0","0","0","0","1","0","0","1"
"393",664,"1","0","0","1","1","1","0","0","0","1","0","1","0","1","0","0","0"
"394",672,"0","0","0","0","0","0","0","1","0","0","0","0","0","0","0","0","0"
"395",676,"0","0","1","1","0","1","0","1","0","0","0","0","0","1","0","0","0"
"396",678,"1","0","0","0","1","1","0","0","0","1","0","1","0","0","0","0","0"
"397",687,"0","0","0","0","0","0","0","0","0","0","0","0","0","1","0","0","0"
"398",689,"1","0","0","1","0","0","0","0","0","0","0","0","0","1","0","0","0"
"399",690,"1","0","0","0","0","0","0","0","0","1","1","1","0","1","0","0","0"
"400",701,"0","1","0","1","1","1","0","1","0","1","1","1","0","1","0","0","0"
"401",704,"1","0","0","1","1","0","0","0","0","1","1","1","0","1","0","0","0"
"402",705,"1","0","0","1","1","1","0","0","1","1","0","0","0","1","0","0","0"
"403",706,"0","0","0","1","0","0","0","0","0","0","1","1","0","1","1","0","0"
"404",707,"0","0","0","0","0","0","0","0","0","0","0","0","0","1","1","0","0"
"405",708,"1","0","1","1","0","1","0","1","0","0","0","0","1","1","0","0","0"
"406",711,"0","0","0","0","0","1","0","0","0","0","0","0","0","1","0","0","0"
"407",712,"0","1","0","1","1","1","0","0","0","1","0","0","0","1","0","0","0"
"408",714,"1","1","0","1","1","0","0","0","0","1","0","1","0","1","0","0","0"
"409",718,"1","0","0","0","0","0","1","0","0","1","0","1","0","0","0","0","0"
"410",719,"0","0","1","1","0","0","0","0","0","0","0","0","0","0","0","0","0"
"411",725,"1","0","0","0","0","0","0","0","0","1","0","1","0","1","1","0","0"
"412",727,"0","0","1","0","0","0","0","1","0","0","0","0","0","1","0","0","0"
"413",730,"1","0","0","1","0","0","0","0","0","0","0","0","0","1","0","0","0"
"414",732,"0","0","0","0","0","0","0","0","0","1","0","0","0","0","0","0","0"
"415",734,"1","0","0","0","0","0","0","0","0","0","1","0","0","0","0","0","0"
"416",737,"0","0","0","0","1","0","0","0","0","0","0","0","0","0","0","0","0"
"417",738,"1","0","0","0","0","1","0","0","0","1","0","1","0","0","0","0","0"
"418",741,"0","0","0","0","0","0","0","0","0","0","0","0","0","1","0","0","0"
"419",744,"0","0","0","0","0","0","0","1","0","0","0","0","0","0","0","0","0"
"420",747,"0","0","0","0","0","0","0","1","0","0","0","0","0","0","0","0","0"
"421",752,"1","0","0","1","0","1","0","0","0","0","0","0","0","0","0","0","0"
"422",755,"0","0","0","1","0","1","0","0","0","0","0","0","0","1","0","0","0"
"423",757,"1","0","0","1","0","1","0","0","0","0","0","1","1","0","0","0","0"
"424",758,"0","0","0","0","0","1","0","0","1","0","0","0","0","0","0","0","0"
"425",759,"0","0","1","1","0","0","0","1","0","1","0","1","0","0","1","0","0"
"426",768,"0","0","0","0","1","0","0","0","0","0","0","0","0","1","0","0","0"
"427",777,"0","0","0","0","0","0","1","0","0","0","0","0","0","1","0","0","0"
"428",780,"1","0","0","0","0","0","0","0","0","1","0","0","1","1","0","1","0"
"429",782,"0","0","0","1","1","1","0","0","0","1","0","0","0","1","0","1","0"
"430",784,"0","0","0","0","0","0","0","0","0","0","0","0","0","1","0","0","0"
"431",788,"0","0","0","1","0","0","0","0","0","1","1","1","0","1","0","0","0"
"432",799,"0","1","0","1","0","1","0","0","0","1","0","1","1","1","0","0","0"
"433",803,"0","0","0","1","0","0","0","1","0","0","0","0","0","1","0","1","0"
"434",808,"1","0","0","1","1","0","0","0","0","0","0","0","0","1","0","0","0"
"435",809,"0","0","1","0","0","1","0","0","0","0","0","0","0","1","0","0","0"
"436",811,"1","0","0","0","0","0","0","0","0","1","0","0","0","1","0","0","0"
"437",815,"0","0","0","1","0","0","0","0","0","0","0","1","0","1","0","0","0"
"438",816,"1","0","0","1","0","1","0","0","0","1","1","0","0","0","0","0","0"
"439",817,"1","0","0","0","0","0","0","0","0","0","0","0","0","1","0","1","0"
"440",818,"1","0","0","1","0","0","0","0","0","1","1","0","0","1","0","0","0"
"441",819,"0","0","0","0","0","0","0","0","0","0","0","0","0","1","0","0","0"
"442",820,"1","0","0","1","1","0","0","1","0","1","0","1","0","0","0","0","0"
"443",821,"0","0","0","0","0","0","0","1","0","0","0","0","0","0","0","0","0"
"444",822,"0","0","0","0","0","0","0","0","0","0","0","0","0","1","0","0","0"
"445",823,"0","0","0","0","0","0","0","0","0","0","0","1","0","1","0","0","0"
"446",824,"0","0","1","1","0","1","0","0","0","1","0","0","0","1","0","0","0"
"447",825,"0","0","0","0","0","0","0","0","0","0","0","0","0","1","0","0","0"
"448",826,"0","0","0","1","0","1","0","0","1","1","1","1","0","0","0","0","0"
"449",827,"0","0","0","1","0","1","0","1","0","0","0","0","0","0","0","0","0"
"450",831,"0","0","0","1","0","0","0","0","0","0","0","0","0","0","0","0","0"
"451",837,"0","0","0","1","1","1","1","0","0","1","0","1","0","1","0","0","0"
"452",839,"1","0","0","1","0","0","0","0","0","1","1","1","0","1","0","0","0"
"453",863,"1","1","0","1","0","1","0","0","1","1","0","0","0","0","0","0","0"
"454",879,"0","0","0","1","0","1","0","0","0","1","0","0","0","1","0","0","0"
"455",880,"1","0","0","1","1","1","0","0","1","1","0","1","1","0","0","0","1"
"456",884,"1","1","0","0","1","0","1","0","0","1","0","1","0","1","0","0","1"
"457",892,"0","0","0","1","1","1","0","0","0","1","0","1","0","1","0","0","0"
"458",893,"1","0","0","1","1","1","0","0","0","1","1","0","0","1","1","0","0"
"459",896,"1","0","0","1","0","0","0","0","0","0","0","1","0","1","0","0","0"
"460",901,"0","0","0","0","0","0","0","0","0","0","0","0","0","0","0","0","0"
"461",928,"0","0","0","0","0","0","0","0","0","0","0","0","0","1","0","0","1"
"462",945,"0","0","0","1","0","1","0","0","0","0","0","0","0","0","0","0","0"
"463",948,"0","0","0","0","0","0","0","0","0","0","0","0","0","1","0","0","0"
